PeakID (cmd=annotatePeaks.pl - hg38 -go results/C16_Up_LUT_Up)	Chr	Start	End	Strand	Peak Score	Focus Ratio/Region Size	Annotation	Detailed Annotation	Distance to TSS	Nearest PromoterID	Entrez ID	Nearest Unigene	Nearest Refseq	Nearest Ensembl	Gene Name	Gene Alias	Gene Description	Gene Type
PSKH2	chr8	86063436	86063797	+	0	NA	intron (NM_033126, intron 2 of 2)	intron (NM_033126, intron 2 of 2)	6052	NM_033126	85481		NM_033126	ENSG00000147613	PSKH2	-	protein serine kinase H2	protein-coding
LOC127814295	chr1	163290015	163290524	+	0	NA	intron (NM_001254748, intron 2 of 5)	LTR9D|LTR|ERV1	31522	NM_001254748	8490		NM_003617	ENSG00000143248	RGS5	MST092|MST106|MST129|MSTP032|MSTP092|MSTP106|MSTP129	regulator of G protein signaling 5	protein-coding
MRPL13	chr8	120404055	120404802	+	0	NA	intron (NM_014078, intron 6 of 6)	intron (NM_014078, intron 6 of 6)	40722	NM_014078	28998		NM_014078	ENSG00000172172	MRPL13	L13|L13A|L13mt|RPL13|RPML13|uL13m	mitochondrial ribosomal protein L13	protein-coding
ASPN	chr9	92484064	92484729	+	0	NA	intron (NM_001286969, intron 4 of 6)	L1ME3A|LINE|L1	-1890	NM_001193335	54829		NM_017680	ENSG00000106819	ASPN	OS3|PLAP-1|PLAP1|SLRR1C	asporin	protein-coding
FUT9	chr6	96094217	96094498	+	0	NA	intron (NM_006581, intron 1 of 2)	Tigger7|DNA|TcMar-Tigger	78383	NM_006581	10690		NM_006581	ENSG00000172461	FUT9	Fuc-TIX	fucosyltransferase 9	protein-coding
ZNF133	chr20	18263560	18264073	+	0	NA	Intergenic	MLT1F1|LTR|ERVL-MaLR	-24412	NM_001282995	7692		NM_003434	ENSG00000125846	ZNF133	ZNF150|pHZ-13|pHZ-66	zinc finger protein 133	protein-coding
MIR4510	chr15	35784749	35785065	+	0	NA	intron (NR_038251, intron 2 of 2)	intron (NR_038251, intron 2 of 2)	-141949	NR_039735	100616293		NR_039735	ENSG00000265098	MIR4510	mir-4510	microRNA 4510	ncRNA
COQ2	chr4	83209539	83210504	+	0	NA	Intergenic	A-rich|Low_complexity|Low_complexity	74777	NM_001358921	27235		NM_015697	ENSG00000173085	COQ2	CL640|COQ10D1|MSA1|PHB:PPT	coenzyme Q2, polyprenyltransferase	protein-coding
MIR4477B	chr20	29798244	29798782	+	0	NA	Intergenic	L1M3|LINE|L1	-81871	NR_039689	100616194		NR_039689	ENSG00000266017	MIR4477B	-	microRNA 4477b	ncRNA
EIF3IP1	chr7	110317415	110318319	+	0	NA	Intergenic	Intergenic	-357654	NR_003024	442720		NR_003024	ENSG00000237064	EIF3IP1	RG208K23	eukaryotic translation initiation factor 3 subunit I pseudogene 1	pseudo
SNORD31B	chr13	107079792	107080091	+	0	NA	Intergenic	MIRb|SINE|MIR	241022	NR_145739	109616978		NR_145739	ENSG00000201847	SNORD31B	-	small nucleolar RNA, C/D box 31B	snoRNA
SPATA16	chr3	172972150	172972439	+	0	NA	intron (NM_031955, intron 5 of 10)	Charlie24|DNA|hAT-Charlie	168941	NM_031955	83893		NM_031955	ENSG00000144962	SPATA16	NYD-SP12|SPGF6	spermatogenesis associated 16	protein-coding
MIR4490	chr11	90704224	90705166	+	0	NA	intron (NR_104190, intron 3 of 6)	ERVL-E-int|LTR|ERVL	-148838	NR_039711	100616186		NR_039711	ENSG00000266703	MIR4490	-	microRNA 4490	ncRNA
MAPK10-AS1	chr4	86089174	86090210	+	0	NA	intron (NM_001318067, intron 7 of 12)	intron (NM_001318067, intron 7 of 12)	-30114	NR_110879	101929064		NR_110879	ENSG00000250062	MAPK10-AS1	-	MAPK10 antisense RNA 1	ncRNA
TCF20	chr22	42276030	42276389	+	0	NA	intron (NM_005650, intron 1 of 5)	intron (NM_005650, intron 1 of 5)	-5556	NM_181492	6942		NM_005650	ENSG00000100207	TCF20	AR1|DDVIBA|SPBP|TCF-20	transcription factor 20	protein-coding
WRN	chr8	31113443	31113791	+	0	NA	intron (NM_000553, intron 19 of 34)	intron (NM_000553, intron 19 of 34)	79807	NM_000553	7486		NM_000553	ENSG00000165392	WRN	RECQ3|RECQL2|RECQL3	WRN RecQ like helicase	protein-coding
GAP43	chr3	115501795	115504010	+	0	NA	Intergenic	Intergenic	-120608	NM_002045	2596		NM_002045	ENSG00000172020	GAP43	B-50|GAP-43|PP46	growth associated protein 43	protein-coding
FABP7	chr6	122713248	122713555	+	0	NA	intron (NM_001270394, intron 6 of 7)	intron (NM_001270394, intron 6 of 7)	-35800	NM_001319042	2173		NM_001446	ENSG00000164434	FABP7	B-FABP|BLBP|FABPB|MRG	fatty acid binding protein 7	protein-coding
FRG2EP	chr20	29360619	29361279	+	0	NA	Intergenic	L1M3|LINE|L1	56012	NR_037925	647476		NR_037925		FRG2EP	-	FSHD region gene 2 family member E, pseudogene	pseudo
LOC100134040	chr7	149975752	149976007	+	0	NA	intron (NM_001351028, intron 6 of 9)	THE1C|LTR|ERVL-MaLR	-65476	NR_148939	100134040		NR_148939		LOC100134040	-	uncharacterized LOC100134040	ncRNA
MIR3977	chr5	82694512	82695236	+	0	NA	Intergenic	Intergenic	-145281	NR_039773	100616297		NR_039773	ENSG00000283359	MIR3977	-	microRNA 3977	ncRNA
CETN3	chr5	90375131	90375858	+	0	NA	Intergenic	Tigger2|DNA|TcMar-Tigger	34262	NM_004365	1070		NM_004365	ENSG00000153140	CETN3	CDC31|CEN3	centrin 3	protein-coding
TSG1-2	chr6	94045346	94045990	+	0	NA	Intergenic	Intergenic	327365	NR_152795	643432		NR_015362		TSG1	-	tumor suppressor TSG1	ncRNA
PURPL	chr5	27318256	27319097	+	0	NA	Intergenic	Intergenic	-153616	NR_038848	643401		NR_038848	ENSG00000250337	PURPL	LINC01021	p53 upregulated regulator of p53 levels	ncRNA
CNTNAP2	chr7	146654155	146654388	+	0	NA	Intergenic	Intergenic	-120000	NM_014141	26047		NM_014141	ENSG00000174469	CNTNAP2	AUTS15|CASPR2|CDFE|NRXN4|PTHSL1	contactin associated protein 2	protein-coding
KCNK9	chr8	139321601	139322362	+	0	NA	Intergenic	Intergenic	381142	NR_104210	51305		NM_001282534	ENSG00000169427	KCNK9	BIBARS|K2p9.1|KT3.2|TASK-3|TASK3|TASK32	potassium two pore domain channel subfamily K member 9	protein-coding
MIR620	chr12	116012746	116013142	+	0	NA	intron (NM_015335, intron 8 of 30)	intron (NM_015335, intron 8 of 30)	135710	NR_030351	693205		NR_030351	ENSG00000207967	MIR620	MIRN620|hsa-mir-620	microRNA 620	ncRNA
MIR663AHG	chr20	26294996	26295425	+	0	NA	Intergenic	ALR/Alpha|Satellite|centr	-85977	NR_040095	284801		NR_040095	ENSG00000227195	MIR663AHG	-	MIR663A host gene	ncRNA
LINC02015	chr3	177928368	177928681	+	0	NA	Intergenic	Intergenic	111659	NR_110826	102724550		NR_110826	ENSG00000231574	LINC02015	KCCAT211	long intergenic non-protein coding RNA 2015	ncRNA
LINC01614	chr2	215705808	215706163	+	0	NA	intron (NR_037195, intron 5 of 9)	MLT1B|LTR|ERVL-MaLR	-12058	NR_132383	105373869		NR_132383	ENSG00000230838	LINC01614	LCAL4	long intergenic non-protein coding RNA 1614	ncRNA
LINC-ROR	chr18	57002694	57003135	+	0	NA	intron (NM_052834, intron 25 of 26)	intron (NM_052834, intron 25 of 26)	69205	NR_048536	100885779		NR_048536	ENSG00000258609	LINC-ROR	ROR|lincRNA-RoR|lincRNA-ST8SIA3	long intergenic non-protein coding RNA, regulator of reprogramming	ncRNA
ZFAND5	chr9	72388467	72389448	+	0	NA	Intergenic	MIRc|SINE|MIR	-23749	NM_006007	7763		NM_006007	ENSG00000107372	ZFAND5	ZA20D2|ZFAND5A|ZNF216	zinc finger AN1-type containing 5	protein-coding
FZD6	chr8	103255760	103256682	+	0	NA	intron (NR_148216, intron 1 of 1)	intron (NR_148216, intron 1 of 1)	-42273	NM_001164615	8323		NM_003506	ENSG00000164930	FZD6	FZ-6|FZ6|HFZ6|NDNC1|NDNC10	frizzled class receptor 6	protein-coding
EFEMP1	chr2	55839095	55840217	+	0	NA	Intergenic	Intergenic	84126	NM_001039348	2202		NM_004105	ENSG00000115380	EFEMP1	ARCL1D|DHRD|DRAD|FBLN3|FBNL|FIBL-3|GLC1H|MLVT|MTLV|S1-5	EGF containing fibulin extracellular matrix protein 1	protein-coding
UNC5C-2	chr4	95627743	95629296	+	0	NA	Intergenic	Intergenic	-79546	NM_003728	8633		NM_003728	ENSG00000182168	UNC5C	UNC5H3	unc-5 netrin receptor C	protein-coding
MAP2	chr2	209615012	209615393	+	0	NA	intron (NM_031847, intron 2 of 12)	intron (NM_031847, intron 2 of 12)	35595	NM_001375538	4133		NM_002374	ENSG00000078018	MAP2	MAP-2|MAP2A|MAP2B|MAP2C	microtubule associated protein 2	protein-coding
LINC00474	chr9	115978735	115979336	+	0	NA	Intergenic	MIR|SINE|MIR	-53828	NR_024032	58483		NR_024032	ENSG00000204148	LINC00474	C9orf27|EST-YD1	long intergenic non-protein coding RNA 474	ncRNA
LINC02049	chr3	120838575	120839609	+	0	NA	Intergenic	Intergenic	-2735	NR_135571	101926983		NR_135570	ENSG00000243593	LINC02049	-	long intergenic non-protein coding RNA 2049	ncRNA
SPANXN1	chrX	145502171	145503182	+	0	NA	Intergenic	Intergenic	255173	NM_001009614	494118		NM_001009614	ENSG00000203923	SPANXN1	CT11.6	SPANX family member N1	protein-coding
PAQR3	chr4	78949883	78950163	+	0	NA	Intergenic	MIRb|SINE|MIR	-10585	NR_146464	152559		NM_177453	ENSG00000163291	PAQR3	RKTG	progestin and adipoQ receptor family member 3	protein-coding
SEZ6L	chr22	26295524	26296034	+	0	NA	intron (NM_001184775, intron 3 of 15)	L2c|LINE|L2	126305	NM_001184775	23544		NM_021115	ENSG00000100095	SEZ6L	SEZ6L1	seizure related 6 homolog like	protein-coding
SLC24A3-AS1	chr20	19327270	19327893	+	0	NA	intron (NM_020689, intron 2 of 16)	LTR101_Mam|LTR|ERVL	-42985	NR_024564	100130264		NR_024564	ENSG00000179447	SLC24A3-AS1	-	SLC24A3 antisense RNA 1	ncRNA
LINC01450	chr7	40668754	40669273	+	0	NA	intron (NM_001193312, intron 11 of 12)	L1MD1|LINE|L1	310926	NR_110831	101928744		NR_110831	ENSG00000232458	LINC01450	-	long intergenic non-protein coding RNA 1450	ncRNA
FMNL2	chr2	152486142	152486374	+	0	NA	intron (NM_052905, intron 1 of 25)	intron (NM_052905, intron 1 of 25)	151084	NM_052905	114793		NM_052905	ENSG00000157827	FMNL2	FHOD2	formin like 2	protein-coding
PTPRG-AS1	chr3	62292987	62293764	+	0	NA	3' UTR (NM_002841, exon 30 of 30)	3' UTR (NM_002841, exon 30 of 30)	25572	NR_038281	100506994		NR_038281	ENSG00000241472	PTPRG-AS1	-	PTPRG antisense RNA 1	ncRNA
LINC00972	chr7	85612333	85613100	+	0	NA	Intergenic	L1PB|LINE|L1	191594	NR_134240	105375380		NR_134240	ENSG00000225128	LINC00972	-	long intergenic non-protein coding RNA 972	ncRNA
LMX1A	chr1	165172765	165173644	+	0	NA	Intergenic	MLT1E3|LTR|ERVL-MaLR	183037	NM_001174069	4009		NM_177398	ENSG00000162761	LMX1A	DFNA7|LMX1|LMX1.1	LIM homeobox transcription factor 1 alpha	protein-coding
ZFPM2	chr8	105583518	105583919	+	0	NA	intron (NM_001362837, intron 4 of 7)	intron (NM_001362837, intron 4 of 7)	264175	NM_001362837	23414		NM_012082	ENSG00000169946	ZFPM2	DIH3|FOG2|SRXY9|ZC2HC11B|ZNF89B|hFOG-2	zinc finger protein, FOG family member 2	protein-coding
REG1B	chr2	79068977	79070088	+	0	NA	Intergenic	MER52-int|LTR|ERV1	18461	NM_006507	5968		NM_006507	ENSG00000172023	REG1B	PSPS2|REGH|REGI-BETA|REGL	regenerating family member 1 beta	protein-coding
NTRK2-2	chr9	85051406	85052006	+	0	NA	Intergenic	LTR16A|LTR|ERVL	345805	NM_001369552	4915		NM_006180	ENSG00000148053	NTRK2	DEE58|EIEE58|GP145-TrkB|OBHD|TRKB|trk-B	neurotrophic receptor tyrosine kinase 2	protein-coding
ACTR3C	chr7	150196837	150197686	+	0	NA	intron (NM_001351028, intron 6 of 9)	L1MC4|LINE|L1	23839	NM_001351029	653857		NM_001164458	ENSG00000106526	ACTR3C	ARP11	actin related protein 3C	protein-coding
MEGF10	chr5	127203788	127204080	+	0	NA	Intergenic	L1MB1|LINE|L1	-86830	NM_001308121	84466		NM_032446	ENSG00000145794	MEGF10	CMYP10A|CMYP10B|EMARDD|SR-F3	multiple EGF like domains 10	protein-coding
PTPRZ1	chr7	121730676	121731211	+	0	NA	Intergenic	Intergenic	-142218	NM_001206838	5803		NM_002851	ENSG00000106278	PTPRZ1	HPTPZ|HPTPzeta|PTP-ZETA|PTP18|PTPRZ|PTPZ|R-PTP-zeta-2|RPTPB|RPTPbeta|phosphacan	protein tyrosine phosphatase receptor type Z1	protein-coding
LOC105379192	chr5	137261084	137261882	+	0	NA	intron (NM_004598, intron 3 of 10)	intron (NM_004598, intron 3 of 10)	133286	NR_134246	105379192		NR_134246		LOC105379192	-	uncharacterized LOC105379192	ncRNA
RUNX1T1	chr8	91831968	91832139	+	0	NA	Intergenic	Intergenic	185627	NM_175636	862		NM_004349	ENSG00000079102	RUNX1T1	AML1-MTG8|AML1T1|CBFA2T1|CDR|ETO|MTG8|ZMYND2	RUNX1 partner transcriptional co-repressor 1	protein-coding
GMDS	chr6	2157315	2158058	+	0	NA	intron (NM_001500, intron 1 of 10)	intron (NM_001500, intron 1 of 10)	18305	NM_001253846	2762		NM_001500	ENSG00000112699	GMDS	GMD|SDR3E1	GDP-mannose 4,6-dehydratase	protein-coding
CELF2	chr10	10475709	10476421	+	0	NA	intron (NM_001326320, intron 1 of 16)	intron (NM_001326320, intron 1 of 16)	13515	NM_001326319	10659		NM_006561	ENSG00000048740	CELF2	BRUNOL3|CELF-2|CUG-BP2|CUGBP2|DEE97|ETR-3|ETR3|NAPOR	CUGBP Elav-like family member 2	protein-coding
LOC646736	chr2	226079720	226080153	+	0	NA	Intergenic	Intergenic	-62858	NR_046102	646736		NR_046102		LOC646736	-	uncharacterized LOC646736	ncRNA
CDH5	chr16	66188800	66189493	+	0	NA	Intergenic	Intergenic	-177545	NM_001795	1003		NM_001795	ENSG00000179776	CDH5	7B4|CD144	cadherin 5	protein-coding
IPO8	chr12	30251455	30251972	+	0	NA	Intergenic	Intergenic	425531	NM_001190995	10526		NM_006390	ENSG00000133704	IPO8	RANBP8|VISS	importin 8	protein-coding
TRPS1	chr8	114742839	114743456	+	0	NA	Intergenic	Intergenic	924866	NM_001282902	7227		NM_014112	ENSG00000104447	TRPS1	GC79|LGCR	transcriptional repressor GATA binding 1	protein-coding
PRLHR	chr10	118645421	118646060	+	0	NA	Intergenic	L1PB|LINE|L1	-50092	NM_004248	2834		NM_004248	ENSG00000119973	PRLHR	GPR10|GR3|PrRPR	prolactin releasing hormone receptor	protein-coding
LINC00374	chr13	58865324	58865612	+	0	NA	Intergenic	L1M1|LINE|L1	-632351	NR_132367	106144531		NR_132367	ENSG00000232954	LINC00374	-	long intergenic non-protein coding RNA 374	ncRNA
LINC00310	chr21	34219360	34220485	+	0	NA	Intergenic	MLT1L|LTR|ERVL-MaLR	39245	NR_027266	114036		NM_153751	ENSG00000227456	LINC00310	C21orf82|NCRNA00310	long intergenic non-protein coding RNA 310	ncRNA
LOC102723769	chr22	11563275	11563685	+	0	NA	Intergenic	L1M3|LINE|L1	-333926	NR_110761	102723769		NR_110761		LOC102723769	-	uncharacterized LOC102723769	ncRNA
NAV3-2	chr12	77751859	77752774	+	0	NA	Intergenic	Intergenic	-78578	NM_001024383	89795		NM_014903	ENSG00000067798	NAV3	POMFIL1|STEERIN3|unc53H3	neuron navigator 3	protein-coding
SYT1	chr12	78636112	78636765	+	0	NA	Intergenic	Intergenic	-227544	NM_001135805	6857		NM_005639	ENSG00000067715	SYT1	BAGOS|P65|SVP65|SYT	synaptotagmin 1	protein-coding
LINC03017	chr7	84412054	84412634	+	0	NA	Intergenic	Intergenic	-120132	NR_110079	101927378		NR_110079	ENSG00000235139	LINC03017	-	long intergenic non-protein coding RNA 3017	ncRNA
LGI1	chr10	93803919	93804713	+	0	NA	Intergenic	Intergenic	46380	NM_005097	9211		NM_005097	ENSG00000108231	LGI1	ADLTE|ADPAEF|ADPEAF|EPITEMPIN|EPT|ETL1|IB1099	leucine rich glioma inactivated 1	protein-coding
CRTC3	chr15	90560210	90560782	+	0	NA	intron (NM_001042574, intron 2 of 14)	Charlie13a|DNA|hAT-Charlie	30573	NM_001042574	64784		NM_022769	ENSG00000140577	CRTC3	TORC-3|TORC3	CREB regulated transcription coactivator 3	protein-coding
EMC2	chr8	108393275	108393909	+	0	NA	Intergenic	Intergenic	-49991	NM_001329494	9694		NM_014673	ENSG00000104412	EMC2	KIAA0103|TTC35	ER membrane protein complex subunit 2	protein-coding
GPR83	chr11	94405157	94405440	+	0	NA	Intergenic	MER44A|DNA|TcMar-Tigger	-3879	NM_001330345	10888		NM_016540	ENSG00000123901	GPR83	GIR|GPR72	G protein-coupled receptor 83	protein-coding
MIR4268-2	chr2	220036673	220036852	+	0	NA	Intergenic	MLT1L|LTR|ERVL-MaLR	-130197	NR_036228	100422959		NR_036228	ENSG00000266518	MIR4268	-	microRNA 4268	ncRNA
TEC	chr4	48254377	48254875	+	0	NA	intron (NM_003215, intron 1 of 17)	intron (NM_003215, intron 1 of 17)	15212	NM_003215	7006		NM_003215	ENSG00000135605	TEC	PSCTK4	tec protein tyrosine kinase	protein-coding
OR52K2	chr11	4463310	4463828	+	0	NA	Intergenic	HERVIP10B3-int|LTR|ERV1	14274	NM_001005172	119774		NM_001005172	ENSG00000181963	OR52K2	OR11-7	olfactory receptor family 52 subfamily K member 2	protein-coding
LINC01037	chr1	188062596	188063447	+	0	NA	Intergenic	L1PA15|LINE|L1	619393	NR_132374	106144535		NR_132374		LINC01037	-	long intergenic non-protein coding RNA 1037	ncRNA
LINC01935	chr2	103002523	103003176	+	0	NA	Intergenic	Intergenic	-18420	NR_135530	105373519		NR_135530	ENSG00000224095	LINC01935	-	long intergenic non-protein coding RNA 1935	ncRNA
CHRM3	chr1	239537999	239538487	+	0	NA	intron (NR_164748, intron 2 of 8)	intron (NR_164748, intron 2 of 8)	-90830	NM_000740	1131		NM_000740	ENSG00000133019	CHRM3	EGBRS|HM3|PBS|m3AChR	cholinergic receptor muscarinic 3	protein-coding
LINC01098	chr4	177632573	177633209	+	0	NA	Intergenic	AluJb|SINE|Alu	-95866	NR_028342	285501		NM_001085490	ENSG00000231171	LINC01098	-	long intergenic non-protein coding RNA 1098	ncRNA
MAGI2-AS2	chr7	79050519	79051266	+	0	NA	intron (NM_012301, intron 1 of 21)	MER90|LTR|ERV1	41904	NR_046689	100874021		NR_046689	ENSG00000226978	MAGI2-AS2	-	MAGI2 antisense RNA 2	ncRNA
BRINP3	chr1	189986515	189986929	+	0	NA	Intergenic	L1MA3|LINE|L1	489288	NM_001317188	339479		NM_199051	ENSG00000162670	BRINP3	DBCCR1L|DBCCR1L1|FAM5C	BMP/retinoic acid inducible neural specific 3	protein-coding
MUC7	chr4	70493968	70494828	+	0	NA	Intergenic	MLT1C|LTR|ERVL-MaLR	22201	NM_152291	4589		NM_152291	ENSG00000171195	MUC7	MG2	mucin 7, secreted	protein-coding
LINC01894	chr18	24979108	24979818	+	0	NA	intron (NR_146903, intron 1 of 1)	intron (NR_146903, intron 1 of 1)	8516	NR_146903	105372030		NR_146903	ENSG00000264345	LINC01894	-	long intergenic non-protein coding RNA 1894	ncRNA
LINC02711	chr11	87757511	87758579	+	0	NA	Intergenic	Intergenic	-38634	NR_135090	105369423		NR_135090	ENSG00000255183	LINC02711	-	long intergenic non-protein coding RNA 2711	ncRNA
LINC01491	chr15	47861406	47861666	+	0	NA	Intergenic	Intergenic	-15300	NR_120336	101928442		NR_120336		LINC01491	-	long intergenic non-protein coding RNA 1491	ncRNA
LINC02315	chr14	41142091	41142656	+	0	NA	Intergenic	Intergenic	187662	NR_109757	644919		NR_109757		LINC02315	-	long intergenic non-protein coding RNA 2315	ncRNA
THSD7B	chr2	137288033	137288617	+	0	NA	intron (NM_001316349, intron 12 of 27)	intron (NM_001316349, intron 12 of 27)	522780	NM_001316349	80731		NM_001080427	ENSG00000144229	THSD7B	-	thrombospondin type 1 domain containing 7B	protein-coding
LINC00430	chr13	87186518	87186845	+	0	NA	Intergenic	LTR7|LTR|ERV1	274761	NR_132371	106144533		NR_132371		LINC00430	-	long intergenic non-protein coding RNA 430	ncRNA
IQGAP2	chr5	76501962	76502958	+	0	NA	intron (NM_006633, intron 2 of 35)	intron (NM_006633, intron 2 of 35)	-44949	NM_001285460	10788		NM_006633	ENSG00000145703	IQGAP2	-	IQ motif containing GTPase activating protein 2	protein-coding
LINC01139	chr1	238199434	238199700	+	0	NA	Intergenic	Intergenic	286450	NR_015407	339535		NR_015407	ENSG00000215808	LINC01139	LINK-A|LINKA	long intergenic non-protein coding RNA 1139	ncRNA
LINC02552	chr11	104581293	104581741	+	0	NA	intron (NR_120585, intron 1 of 3)	intron (NR_120585, intron 1 of 3)	27785	NR_120585	102723895		NR_120585	ENSG00000256422	LINC02552	-	long intergenic non-protein coding RNA 2552	ncRNA
PRKCE	chr2	45943357	45944369	+	0	NA	intron (NM_005400, intron 2 of 14)	intron (NM_005400, intron 2 of 14)	292188	NM_005400	5581		NM_005400	ENSG00000171132	PRKCE	PKCE|nPKC-epsilon	protein kinase C epsilon	protein-coding
DIO2-AS1-2	chr14	79992846	79993234	+	0	NA	Intergenic	Intergenic	-218379	NR_038355	100628307		NR_038355	ENSG00000258766	DIO2-AS1	-	DIO2 antisense RNA 1	ncRNA
PARP8	chr5	50720054	50720647	+	0	NA	intron (NM_024615, intron 2 of 25)	intron (NM_024615, intron 2 of 25)	52936	NM_001331028	79668		NM_024615	ENSG00000151883	PARP8	ARTD16|pART16	poly(ADP-ribose) polymerase family member 8	protein-coding
MIR891A	chrX	146055932	146057117	+	0	NA	Intergenic	Intergenic	-28652	NR_030581	100126341		NR_030581	ENSG00000216056	MIR891A	MIRN891A	microRNA 891a	ncRNA
TMEFF2	chr2	192291342	192291759	+	0	NA	Intergenic	Charlie3|DNA|hAT-Charlie	-96617	NM_001305145	23671		NM_016192	ENSG00000144339	TMEFF2	CT120.2|HPP1|TENB2|TPEF|TR|TR-2	transmembrane protein with EGF like and two follistatin like domains 2	protein-coding
LRRN2	chr1	204695799	204696639	+	0	NA	Intergenic	Intergenic	-10481	NM_201630	10446		NM_006338	ENSG00000170382	LRRN2	FIGLER7|GAC1|LRANK1|LRRN5	leucine rich repeat neuronal 2	protein-coding
NAT2	chr8	18517209	18517657	+	0	NA	Intergenic	MER4A|LTR|ERV1	126151	NM_000015	10		NM_000015	ENSG00000156006	NAT2	AAC2|NAT-2|PNAT	N-acetyltransferase 2	protein-coding
LINC02534	chr6	115540289	115540888	+	0	NA	Intergenic	Tigger15a|DNA|TcMar-Tigger	103247	NR_134602	105377962		NR_134602	ENSG00000228777	LINC02534	-	long intergenic non-protein coding RNA 2534	ncRNA
TSN	chr2	122238101	122238515	+	0	NA	Intergenic	Intergenic	482657	NM_004622	7247		NM_004622	ENSG00000211460	TSN	BCLF-1|C3PO|RCHF1|REHF-1|TBRBP|TRSLN	translin	protein-coding
LINC02711-2	chr11	87769302	87770289	+	0	NA	Intergenic	Intergenic	-50384	NR_135090	105369423		NR_135090	ENSG00000255183	LINC02711	-	long intergenic non-protein coding RNA 2711	ncRNA
STXBP6	chr14	25622775	25623042	+	0	NA	Intergenic	Intergenic	-572611	NM_001304476	29091		NM_014178	ENSG00000168952	STXBP6	HSPC156|amisyn	syntaxin binding protein 6	protein-coding
UNC5C	chr4	95393907	95394348	+	0	NA	intron (NM_003728, intron 1 of 15)	intron (NM_003728, intron 1 of 15)	154846	NM_003728	8633		NM_003728	ENSG00000182168	UNC5C	UNC5H3	unc-5 netrin receptor C	protein-coding
SCP2D1-AS1	chr20	18916998	18917933	+	0	NA	Intergenic	Intergenic	-87262	NR_161342	100128496		NR_161342		SCP2D1-AS1	C20orf78	SCP2D1 antisense RNA 1	ncRNA
ARHGAP31-AS1	chr3	119351921	119352688	+	0	NA	intron (NM_020754, intron 1 of 11)	(CCACAC)n|Simple_repeat|Simple_repeat	-29544	NR_046748	100874246		NR_046748	ENSG00000241155	ARHGAP31-AS1	-	ARHGAP31 antisense RNA 1	ncRNA
MIR1973	chr4	116118258	116118623	+	0	NA	Intergenic	L1MB3|LINE|L1	-181285	NR_031737	100302290		NR_031737	ENSG00000284253	MIR1973	hsa-mir-1973|mir-1973	microRNA 1973	ncRNA
RPH3A	chr12	112777542	112778100	+	0	NA	intron (NM_001347952, intron 1 of 21)	intron (NM_001347952, intron 1 of 21)	-13717	NM_001347953	22895		NM_014954	ENSG00000089169	RPH3A	-	rabphilin 3A	protein-coding
CPQ	chr8	96909481	96909956	+	0	NA	intron (NM_016134, intron 4 of 7)	intron (NM_016134, intron 4 of 7)	264476	NM_016134	10404		NM_016134	ENSG00000104324	CPQ	LDP|PGCP	carboxypeptidase Q	protein-coding
RBM20	chr10	110629637	110630415	+	0	NA	Intergenic	Intergenic	-14310	NM_001134363	282996		NM_001134363	ENSG00000203867	RBM20	-	RNA binding motif protein 20	protein-coding
MIR548AG1	chr4	60545150	60545702	+	0	NA	Intergenic	Intergenic	-377193	NR_039652	100616450		NR_039652	ENSG00000265829	MIR548AG1	-	microRNA 548ag-1	ncRNA
PI15	chr8	74817777	74818628	+	0	NA	Intergenic	Intergenic	-6332	NM_015886	51050		NM_015886	ENSG00000137558	PI15	CRISP8|P24TI|P25TI	peptidase inhibitor 15	protein-coding
EPB41L4A-AS1	chr5	112079826	112080241	+	0	NA	Intergenic	L1PREC2|LINE|L1	-80493	NR_015370	114915		NM_053000		EPB41L4A-AS1	C5orf26|NCRNA00219|TIGA1	EPB41L4A antisense RNA 1	ncRNA
CASC17	chr17	71052886	71053594	+	0	NA	Intergenic	Intergenic	148939	NR_104152	101928165		NR_104152	ENSG00000260785	CASC17	LINC00600	cancer susceptibility 17	ncRNA
SLC25A46	chr5	110792623	110793436	+	0	NA	Intergenic	L1PB1|LINE|L1	54022	NM_138773	91137		NM_138773	ENSG00000164209	SLC25A46	HMSN6B|PCH1E	solute carrier family 25 member 46	protein-coding
LINC00473	chr6	166015092	166015419	+	0	NA	Intergenic	MLT2A2|LTR|ERVL	-27216	NR_026861	90632		NR_026860	ENSG00000112541	LINC00473	C6orf176|LNC473|bA142J11.1	long intergenic non-protein coding RNA 473	ncRNA
LNCSRLR	chr3	145364841	145365449	+	0	NA	Intergenic	L1PREC2|LINE|L1	704040	NR_146297	109729161		NR_146297	ENSG00000240032	LNCSRLR	lncRNA-SRLR	lncRNA sorafenib resistance in renal cell carcinoma associated	ncRNA
KIF6	chr6	39425868	39426470	+	0	NA	intron (NM_001351566, intron 1 of 9)	intron (NM_001351566, intron 1 of 9)	5221	NM_001289024	221458		NM_145027	ENSG00000164627	KIF6	C6orf102|dJ1043E3.1|dJ137F1.4|dJ188D3.1	kinesin family member 6	protein-coding
RASGEF1B	chr4	81891410	81891979	+	0	NA	Intergenic	Intergenic	-419787	NM_001300735	153020		NM_152545	ENSG00000138670	RASGEF1B	GPIG4	RasGEF domain family member 1B	protein-coding
MIR603	chr10	24307640	24308407	+	0	NA	intron (NM_019590, intron 2 of 20)	intron (NM_019590, intron 2 of 20)	32338	NR_030334	693188		NR_030334	ENSG00000207930	MIR603	MIRN603|hsa-mir-603	microRNA 603	ncRNA
MGC70870	chr17_GL000205v2_random	132204	132431	+	0	NA	Intergenic	L1PA11|LINE|L1	-74351	NR_003682	403340		NR_003682		MGC70870	-	C-terminal binding protein 2 pseudogene	pseudo
LINC00861	chr8	125757297	125758666	+	0	NA	Intergenic	Intergenic	193216	NR_038446	100130231		NR_038446	ENSG00000245164	LINC00861	-	long intergenic non-protein coding RNA 861	ncRNA
CASC15	chr6	21634640	21634849	+	0	NA	Intergenic	Intergenic	-31669	NR_015410	401237		NR_015410		CASC15	CANT|LINC00340|lnc-SOX4-1	cancer susceptibility 15	ncRNA
PRSS12	chr4	118322812	118323217	+	0	NA	intron (NM_003619, intron 4 of 12)	MER58B|DNA|hAT-Charlie	29989	NM_003619	8492		NM_003619	ENSG00000164099	PRSS12	BSSP-3|BSSP3|MRT1	serine protease 12	protein-coding
LINC00377	chr13	80988739	80989066	+	0	NA	Intergenic	Intergenic	-29489	NR_125770	103724386		NR_125770		LINC00377	TCONS_00021861	long intergenic non-protein coding RNA 377	ncRNA
LINC01349	chr1	100624994	100625626	+	0	NA	Intergenic	Intergenic	21694	NR_038914	100128787		NR_038914		LINC01349	-	long intergenic non-protein coding RNA 1349	ncRNA
GCNT1	chr9	76451280	76451658	+	0	NA	intron (NM_001097634, intron 1 of 2)	MER92-int|LTR|ERV1	-7683	NM_001097633	2650		NM_001490	ENSG00000187210	GCNT1	C2GNT|C2GNT-L|C2GNT1|C2GlcNAcT|G6NT|NACGT2|NAGCT2	glucosaminyl (N-acetyl) transferase 1	protein-coding
LINC00332	chr13	39948685	39949076	+	0	NA	Intergenic	L1PA15|LINE|L1	-232929	NR_046870	100874127		NR_046870		LINC00332	NCRNA00332	long intergenic non-protein coding RNA 332	ncRNA
LINC00374-2	chr13	58633255	58633883	+	0	NA	Intergenic	Intergenic	-400452	NR_132367	106144531		NR_132367	ENSG00000232954	LINC00374	-	long intergenic non-protein coding RNA 374	ncRNA
LINC00550	chr13	68727336	68728302	+	0	NA	Intergenic	Intergenic	157506	NR_038878	338862		NR_038878	ENSG00000281778	LINC00550	-	long intergenic non-protein coding RNA 550	ncRNA
LINC02077	chr3	78201162	78201674	+	0	NA	Intergenic	L1MA9|LINE|L1	-152455	NR_146636	105377172		NR_146636		LINC02077	-	long intergenic non-protein coding RNA 2077	ncRNA
LRIG3	chr12	58908978	58909548	+	0	NA	intron (NM_153377, intron 3 of 18)	L2a|LINE|L2	10283	NM_001136051	121227		NM_153377	ENSG00000139263	LRIG3	LIG3	leucine rich repeats and immunoglobulin like domains 3	protein-coding
LINC01608	chr8	110812432	110812709	+	0	NA	Intergenic	Intergenic	214863	NR_125417	101927459		NR_125416	ENSG00000253877	LINC01608	-	long intergenic non-protein coding RNA 1608	ncRNA
LOC105377458	chr4	143790125	143790650	+	0	NA	Intergenic	Intergenic	38961	NR_134680	105377458		NR_134680		LOC105377458	-	uncharacterized LOC105377458	ncRNA
LOC101927237	chr4	67325704	67326258	+	0	NA	Intergenic	Intergenic	96019	NR_110747	101927237		NR_110747	ENSG00000250075	LOC101927237	-	uncharacterized LOC101927237	ncRNA
LINC02055	chr8	136703812	136704106	+	0	NA	intron (NR_147196, intron 2 of 5)	intron (NR_147196, intron 2 of 5)	173161	NR_147196	107986980		NR_147196	ENSG00000254101	LINC02055	-	long intergenic non-protein coding RNA 2055	ncRNA
MIR4272	chr3	67296126	67296358	+	0	NA	Intergenic	Intergenic	70778	NR_036234	100422941		NR_036234	ENSG00000283298	MIR4272	-	microRNA 4272	ncRNA
NRCAM	chr7	108284722	108285115	+	0	NA	intron (NM_001371171, intron 3 of 28)	L2b|LINE|L2	-41533	NM_001371181	4897		NM_005010	ENSG00000091129	NRCAM	NEDNMS	neuronal cell adhesion molecule	protein-coding
MARCHF3	chr5	126965065	126965453	+	0	NA	intron (NM_178450, intron 1 of 4)	MIRb|SINE|MIR	65299	NM_178450	115123		NM_178450	ENSG00000173926	MARCHF3	MARCH-III|MARCH3|RNF173	membrane associated ring-CH-type finger 3	protein-coding
JMJD1C	chr10	64148635	64149075	+	0	NA	Intergenic	Intergenic	-626965	NM_001322258	221037		NM_004241	ENSG00000171988	JMJD1C	KDM3C|TRIP-8|TRIP8	jumonji domain containing 1C	protein-coding
FBN2	chr5	128672079	128672493	+	0	NA	Intergenic	Intergenic	-134041	NM_001999	2201		NM_001999	ENSG00000138829	FBN2	CCA|DA9|EOMD	fibrillin 2	protein-coding
SHTN1	chr10	116974578	116974939	+	0	NA	intron (NM_001258298, intron 1 of 15)	intron (NM_001258298, intron 1 of 15)	30429	NM_018330	57698		NM_018330	ENSG00000187164	SHTN1	KIAA1598|shootin-1	shootin 1	protein-coding
MARCHF11	chr5	16061299	16061736	+	0	NA	Intergenic	Intergenic	118274	NM_001102562	441061		NM_001102562	ENSG00000183654	MARCHF11	MARCH-XI|MARCH11|RNF226	membrane associated ring-CH-type finger 11	protein-coding
REXO2	chr11	114478865	114479117	+	0	NA	Intergenic	Intergenic	39524	NM_015523	25996		NM_015523	ENSG00000076043	REXO2	CGI-114|REX2|RFN|SFN	RNA exonuclease 2	protein-coding
LRFN5	chr14	42087878	42088261	+	0	NA	Intergenic	UCON1|Unknown|Unknown	481213	NR_144388	145581		NM_152447	ENSG00000165379	LRFN5	C14orf146|FIGLER8|SALM5	leucine rich repeat and fibronectin type III domain containing 5	protein-coding
LINC00882	chr3	106556622	106557073	+	0	NA	Intergenic	MIRb|SINE|MIR	683791	NR_028303	100302640		NR_028303		LINC00882	-	long intergenic non-protein coding RNA 882	ncRNA
RAI2	chrX	17820063	17820465	+	0	NA	intron (NM_021785, intron 1 of 1)	intron (NM_021785, intron 1 of 1)	40563	NR_033348	10742		NM_021785	ENSG00000131831	RAI2	-	retinoic acid induced 2	protein-coding
LINC00670	chr17	12512646	12513296	+	0	NA	Intergenic	Intergenic	-36997	NR_034145	284034		NM_182567	ENSG00000179136	LINC00670	CARDINAL	long intergenic non-protein coding RNA 670	ncRNA
FGD3	chr9	92989562	92989839	+	0	NA	intron (NM_001369951, intron 3 of 17)	MER4C|LTR|ERV1	15231	NM_001369952	89846		NM_033086	ENSG00000127084	FGD3	ZFYVE5	FYVE, RhoGEF and PH domain containing 3	protein-coding
TSG1	chr6	94217747	94218064	+	0	NA	Intergenic	Intergenic	499602	NR_152795	643432		NR_015362		TSG1	-	tumor suppressor TSG1	ncRNA
MIR569	chr3	171192143	171192745	+	0	NA	intron (NM_001161560, intron 5 of 31)	intron (NM_001161560, intron 5 of 31)	-85685	NR_030295	693154		NR_030295	ENSG00000207963	MIR569	MIRN569|hsa-mir-569	microRNA 569	ncRNA
SLIT2	chr4	20318126	20319863	+	0	NA	intron (NM_001289136, intron 4 of 35)	intron (NM_001289136, intron 4 of 35)	67089	NM_001289135	9353		NM_004787	ENSG00000145147	SLIT2	SLIL3|Slit-2	slit guidance ligand 2	protein-coding
ADAM28	chr8	24106132	24107162	+	0	NA	Intergenic	L2b|LINE|L2	-187393	NM_021777	10863		NM_014265	ENSG00000042980	ADAM28	ADAM 28|MDC-L|MDCL|eMDC II|eMDCII	ADAM metallopeptidase domain 28	protein-coding
NOL4	chr18	34315510	34316197	+	0	NA	Intergenic	L2a|LINE|L2	-90940	NM_001384473	8715		NM_003787	ENSG00000101746	NOL4	CT125|HRIHFB2255|NOLP	nucleolar protein 4	protein-coding
MTERF1	chr7	91835310	91836254	+	0	NA	Intergenic	MIRc|SINE|MIR	44920	NM_001301135	7978		NM_006980	ENSG00000127989	MTERF1	MTERF	mitochondrial transcription termination factor 1	protein-coding
EDIL3	chr5	84564385	84564800	+	0	NA	Intergenic	Intergenic	-179712	NM_005711	10085		NM_005711	ENSG00000164176	EDIL3	DEL1	EGF like repeats and discoidin domains 3	protein-coding
NAV3-3	chr12	77828802	77829323	+	0	NA	Intergenic	Intergenic	-1832	NM_001024383	89795		NM_014903	ENSG00000067798	NAV3	POMFIL1|STEERIN3|unc53H3	neuron navigator 3	protein-coding
SNORD67	chr11	46798111	46798323	+	0	NA	intron (NM_014756, intron 9 of 42)	L1MB7|LINE|L1	-35718	NR_003056	692108		NR_003056	ENSG00000212135	SNORD67	HBII-166	small nucleolar RNA, C/D box 67	snoRNA
LINC02533	chr6	4394759	4395066	+	0	NA	Intergenic	Intergenic	-93886	NR_149117	105374895		NR_149117		LINC02533	-	long intergenic non-protein coding RNA 2533	ncRNA
RGS6	chr14	72186423	72187490	+	0	NA	intron (NM_001370288, intron 2 of 16)	intron (NM_001370288, intron 2 of 16)	253429	NM_001370271	9628		NM_004296	ENSG00000182732	RGS6	GAP|HA117|S914	regulator of G protein signaling 6	protein-coding
MIR5197	chr5	143641766	143642470	+	0	NA	Intergenic	Intergenic	-37742	NR_049829	100846991		NR_049829	ENSG00000266478	MIR5197	-	microRNA 5197	ncRNA
NOVA1	chr14	26088211	26088816	+	0	NA	Intergenic	Intergenic	464917	NM_001366398	4857		NM_002515	ENSG00000139910	NOVA1	Nova-1	NOVA alternative splicing regulator 1	protein-coding
LINC01182	chr4	13860215	13860812	+	0	NA	intron (NR_121681, intron 3 of 3)	intron (NR_121681, intron 3 of 3)	205334	NR_121681	101929071		NR_121681	ENSG00000250634	LINC01182	-	long intergenic non-protein coding RNA 1182	ncRNA
PUM3	chr9	3001108	3001518	+	0	NA	Intergenic	L2c|LINE|L2	-157218	NM_014878	9933		NM_014878	ENSG00000080608	PUM3	HA-8|HLA-HA8|KIAA0020|PEN|PUF-A|PUF6|XTP5	pumilio RNA binding family member 3	protein-coding
LINC02015-2	chr3	177944212	177944432	+	0	NA	Intergenic	MLT1O|LTR|ERVL-MaLR	127457	NR_110826	102724550		NR_110826	ENSG00000231574	LINC02015	KCCAT211	long intergenic non-protein coding RNA 2015	ncRNA
FGF14	chr13	102212420	102213174	+	0	NA	intron (NM_001321943, intron 1 of 5)	intron (NM_001321943, intron 1 of 5)	97889	NM_001321933	2259		NM_004115	ENSG00000102466	FGF14	FGF-14|FHF-4|FHF4|NYS4|SCA27|SCA27A|SCA27B	fibroblast growth factor 14	protein-coding
PCDH9	chr13	67297110	67297483	+	0	NA	Intergenic	L2c|LINE|L2	-66960	NM_001318374	5101		NM_020403	ENSG00000184226	PCDH9	-	protocadherin 9	protein-coding
AGA	chr4	177558576	177559504	+	0	NA	Intergenic	Intergenic	-116537	NM_001171988	175		NM_000027	ENSG00000038002	AGA	AGU|ASRG|GA	aspartylglucosaminidase	protein-coding
DSCAM	chr21	40978758	40979455	+	0	NA	Intergenic	Intergenic	-131948	NM_001389	1826		NM_001389	ENSG00000171587	DSCAM	CHD2|CHD2-42|CHD2-52	DS cell adhesion molecule	protein-coding
ROBO2	chr3	76584535	76585145	+	0	NA	intron (NM_001378194, intron 1 of 27)	intron (NM_001378194, intron 1 of 27)	273960	NM_001378192	6092		NM_002942	ENSG00000185008	ROBO2	SAX3	roundabout guidance receptor 2	protein-coding
AFM	chr4	73486655	73487541	+	0	NA	exon (NM_001133, exon 5 of 15)	exon (NM_001133, exon 5 of 15)	5353	NM_001133	173		NM_001133	ENSG00000079557	AFM	ALB2|ALBA|ALF	afamin	protein-coding
MIR548AI	chr6	99187443	99187807	+	0	NA	Intergenic	Intergenic	63016	NR_039672	100616347		NR_039672	ENSG00000265226	MIR548AI	-	microRNA 548ai	ncRNA
ACVR1C	chr2	157691044	157691349	+	0	NA	Intergenic	L1M2|LINE|L1	-62332	NM_001111033	130399		NM_145259	ENSG00000123612	ACVR1C	ACVRLK7|ALK7	activin A receptor type 1C	protein-coding
PECAM1	chr17	64396269	64396537	+	0	NA	Intergenic	L1ME4b|LINE|L1	-5543	NM_000442	5175		NM_000442	ENSG00000261371	PECAM1	CD31|CD31/EndoCAM|GPIIA'|PECA1|PECAM-1|endoCAM	platelet and endothelial cell adhesion molecule 1	protein-coding
LINC02156	chr12	47556544	47556862	+	0	NA	Intergenic	MER61E|LTR|ERV1	141695	NR_149087	111082992		NR_149087		LINC02156	-	long intergenic non-protein coding RNA 2156	ncRNA
LINC02103	chr5	28397368	28398321	+	0	NA	Intergenic	MER67B|LTR|ERV1	-110179	NR_134265	105374698		NR_134265	ENSG00000249785	LINC02103	-	long intergenic non-protein coding RNA 2103	ncRNA
HNF4G	chr8	75780301	75781716	+	0	NA	Intergenic	AmnSINE2|SINE|tRNA-Deu	241139	NM_004133	3174		NM_004133	ENSG00000164749	HNF4G	NR2A2|NR2A3	hepatocyte nuclear factor 4 gamma	protein-coding
MIR147A	chr9	120265900	120266120	+	0	NA	Intergenic	Intergenic	-20960	NR_029604	406939		NR_029604	ENSG00000207814	MIR147A	MIR147|MIRN147|hsa-mir-147a	microRNA 147a	ncRNA
IRX1	chr5	3898968	3899333	+	0	NA	Intergenic	Intergenic	303318	NM_024337	79192		NM_024337	ENSG00000170549	IRX1	IRX-5|IRXA1	iroquois homeobox 1	protein-coding
LINC01665	chr22	16743426	16744277	+	0	NA	Intergenic	L1PA11|LINE|L1	4587	NR_134584	101929350		NR_134584	ENSG00000235343	LINC01665	-	long intergenic non-protein coding RNA 1665	ncRNA
B3GAT2	chr6	71035414	71036672	+	0	NA	Intergenic	L2c|LINE|L2	-78983	NM_080742	135152		NM_080742	ENSG00000112309	B3GAT2	GLCATS	beta-1,3-glucuronyltransferase 2	protein-coding
FANCB	chrX	14705124	14705655	+	0	NA	intron (NM_001171942, intron 10 of 10)	MER20|DNA|hAT-Charlie	167680	NM_001018113	2187		NM_152633	ENSG00000181544	FANCB	FA2|FAAP90|FAAP95|FAB|FACB	FA complementation group B	protein-coding
ADAMTS12	chr5	33721609	33722247	+	0	NA	intron (NM_030955, intron 3 of 23)	intron (NM_030955, intron 3 of 23)	170062	NM_030955	81792		NM_030955	ENSG00000151388	ADAMTS12	PRO4389	ADAM metallopeptidase with thrombospondin type 1 motif 12	protein-coding
LINC02230	chr5	73378183	73378516	+	0	NA	Intergenic	Intergenic	40443	NR_146627	105379033		NR_146627		LINC02230	-	long intergenic non-protein coding RNA 2230	ncRNA
CYTL1	chr4	5014262	5014522	+	0	NA	TTS (NM_018659)	TTS (NM_018659)	5066	NM_018659	54360		NM_018659	ENSG00000170891	CYTL1	C17|C4orf4	cytokine like 1	protein-coding
NTRK2	chr9	84860251	84860787	+	0	NA	intron (NM_001369534, intron 11 of 16)	intron (NM_001369534, intron 11 of 16)	154618	NM_001369552	4915		NM_006180	ENSG00000148053	NTRK2	DEE58|EIEE58|GP145-TrkB|OBHD|TRKB|trk-B	neurotrophic receptor tyrosine kinase 2	protein-coding
UBR4	chr1	19126718	19127201	+	0	NA	intron (NM_020765, intron 63 of 105)	intron (NM_020765, intron 63 of 105)	83307	NM_020765	23352		NM_020765	ENSG00000127481	UBR4	RBAF600|ZUBR1|p600	ubiquitin protein ligase E3 component n-recognin 4	protein-coding
LINC01549	chr21	17400257	17400759	+	0	NA	Intergenic	Intergenic	-38382	NR_037585	100505929		NM_001005521		LINC01549	C21orf37	long intergenic non-protein coding RNA 1549	ncRNA
GMDS-2	chr6	2072643	2072906	+	0	NA	intron (NM_001253846, intron 4 of 10)	intron (NM_001253846, intron 4 of 10)	103217	NM_001253846	2762		NM_001500	ENSG00000112699	GMDS	GMD|SDR3E1	GDP-mannose 4,6-dehydratase	protein-coding
PLAAT1	chr3	193229729	193230860	+	0	NA	Intergenic	Intergenic	-10928	NM_001366112	57110		NM_020386	ENSG00000127252	PLAAT1	A-C1|H-REV107|HRASLS|HRASLS1|HRSL1|HSD28|PLA/AT1|PLAAT-1	phospholipase A and acyltransferase 1	protein-coding
NRG1	chr8	31620595	31621119	+	0	NA	Intergenic	MIRb|SINE|MIR	-18895	NM_013962	3084		NM_004495	ENSG00000157168	NRG1	ARIA|GGF|GGF2|HGL|HRG|HRG1|HRGA|MST131|MSTP131|NDF|NRG1-IT2|SMDF	neuregulin 1	protein-coding
PAX6	chr11	31763447	31765085	+	0	NA	intron (NM_001288725, intron 10 of 10)	intron (NM_001288725, intron 10 of 10)	36395	NM_001368930	5080		NM_000280	ENSG00000007372	PAX6	AN|AN1|AN2|ASGD5|D11S812E|FVH1|MGDA|WAGR	paired box 6	protein-coding
CASC18	chr12	105820594	105821278	+	0	NA	Intergenic	Intergenic	114162	NR_110110	101929110		NR_110108	ENSG00000257859	CASC18	-	cancer susceptibility 18	ncRNA
CDH5-2	chr16	66067509	66068044	+	0	NA	Intergenic	Intergenic	-298915	NM_001795	1003		NM_001795	ENSG00000179776	CDH5	7B4|CD144	cadherin 5	protein-coding
LINC01950	chr5	106294275	106294739	+	0	NA	Intergenic	MLT1I-int|LTR|ERVL-MaLR	716507	NR_104671	102467213		NR_104671	ENSG00000251027	LINC01950	-	long intergenic non-protein coding RNA 1950	ncRNA
LINC00499	chr4	138428282	138429010	+	0	NA	Intergenic	MIRb|SINE|MIR	118935	NR_051987	100874047		NR_051987	ENSG00000251372	LINC00499	LINC00500	long intergenic non-protein coding RNA 499	ncRNA
SKAP2	chr7	26809238	26810388	+	0	NA	intron (NM_003930, intron 4 of 12)	L1MA8|LINE|L1	47910	NM_001303468	8935		NM_003930	ENSG00000005020	SKAP2	PRAP|RA70|SAPS|SCAP2|SKAP-HOM|SKAP55R	src kinase associated phosphoprotein 2	protein-coding
LINC02301	chr14	83912213	83912641	+	0	NA	Intergenic	Intergenic	1269795	NR_146650	101928599		NR_146650	ENSG00000258743	LINC02301	-	long intergenic non-protein coding RNA 2301	ncRNA
LOC101928475	chr17	14670621	14671683	+	0	NA	Intergenic	Intergenic	-343653	NR_135638	101928475		NR_135638	ENSG00000232058	LOC101928475	-	uncharacterized LOC101928475	ncRNA
ACP6	chr1	147676455	147676865	+	0	NA	Intergenic	MLT1K|LTR|ERVL-MaLR	-6136	NR_136636	51205		NM_016361	ENSG00000162836	ACP6	ACPL1|LPAP|PACPL1	acid phosphatase 6, lysophosphatidic	protein-coding
GALNTL6-AS1	chr4	172709195	172709654	+	0	NA	intron (NR_125894, intron 1 of 2)	intron (NR_125894, intron 1 of 2)	17454	NR_125894	101928314		NR_125894		GALNTL6-AS1	-	GALNTL6 antisense RNA 1	ncRNA
KAZN	chr1	14517177	14518095	+	0	NA	Intergenic	Intergenic	-81049	NM_001370230	23254		NM_015209	ENSG00000189337	KAZN	C1orf196|KAZ	kazrin, periplakin interacting protein	protein-coding
FGF5	chr4	80255713	80256298	+	0	NA	Intergenic	Intergenic	-10583	NM_004464	2250		NM_004464	ENSG00000138675	FGF5	HBGF-5|Smag-82|TCMGLY	fibroblast growth factor 5	protein-coding
LMBRD1	chr6	69416808	69417269	+	0	NA	Intergenic	L3|LINE|CR1	379428	NM_001363722	55788		NM_018368	ENSG00000168216	LMBRD1	C6orf209|LMBD1|MAHCF|NESI	LMBR1 domain containing 1	protein-coding
SERGEF	chr11	17921599	17921879	+	0	NA	intron (NR_104040, intron 9 of 11)	L2c|LINE|L2	91308	NR_104041	26297		NM_012139	ENSG00000129158	SERGEF	DELGEF|Gnefr	secretion regulating guanine nucleotide exchange factor	protein-coding
SYT1-2	chr12	78928548	78928788	+	0	NA	intron (NM_001291901, intron 1 of 9)	MER44C|DNA|TcMar-Tigger	63894	NM_001291901	6857		NM_005639	ENSG00000067715	SYT1	BAGOS|P65|SVP65|SYT	synaptotagmin 1	protein-coding
NAV3	chr12	77995307	77995863	+	0	NA	intron (NM_014903, intron 6 of 38)	intron (NM_014903, intron 6 of 38)	164691	NM_014903	89795		NM_014903	ENSG00000067798	NAV3	POMFIL1|STEERIN3|unc53H3	neuron navigator 3	protein-coding
AMELX	chrX	11295982	11296893	+	0	NA	intron (NM_182681, intron 2 of 4)	Tigger19b|DNA|TcMar-Tigger	3024	NM_001142	265		NM_001142	ENSG00000125363	AMELX	AI1E|AIH1|ALGN|AMG|AMGL|AMGX	amelogenin X-linked	protein-coding
LOC101927159	chr20	42308704	42309545	+	0	NA	intron (NM_007050, intron 12 of 30)	intron (NM_007050, intron 12 of 30)	-376359	NR_110004	101927159		NR_110004	ENSG00000229042	LOC101927159	-	uncharacterized LOC101927159	ncRNA
ZPLD1	chr3	102687847	102688983	+	0	NA	Intergenic	Intergenic	253400	NM_001329788	131368		NM_175056	ENSG00000170044	ZPLD1	-	zona pellucida like domain containing 1	protein-coding
INSM1	chr20	20375668	20376058	+	0	NA	Intergenic	Intergenic	7759	NM_002196	3642		NM_002196	ENSG00000173404	INSM1	IA-1|IA1	INSM transcriptional repressor 1	protein-coding
MIR548A3	chr8	104506571	104506749	+	0	NA	intron (NM_001135703, intron 2 of 5)	intron (NM_001135703, intron 2 of 5)	-22195	NR_030330	693127		NR_030330	ENSG00000208032	MIR548A3	MIRN548A3	microRNA 548a-3	ncRNA
LINC01724	chr1	195592069	195592517	+	0	NA	Intergenic	Intergenic	496422	NR_146895	105371673		NR_146895		LINC01724	-	long intergenic non-protein coding RNA 1724	ncRNA
FNIP2	chr4	158914121	158914848	+	0	NA	intron (NM_152543, intron 4 of 4)	intron (NM_152543, intron 4 of 4)	108645	NM_001323916	57600		NM_020840	ENSG00000052795	FNIP2	FNIPL|MAPO1	folliculin interacting protein 2	protein-coding
LINC03002	chr6	134636215	134636673	+	0	NA	Intergenic	Intergenic	-96439	NR_125856	101928304		NR_125855	ENSG00000232310	LINC03002	-	long intergenic non-protein coding RNA 3002	ncRNA
SMIM18	chr8	30541140	30541935	+	0	NA	intron (NM_006867, intron 5 of 9)	intron (NM_006867, intron 5 of 9)	-97043	NM_001206847	100507341		NM_001206847	ENSG00000253457	SMIM18	-	small integral membrane protein 18	protein-coding
MIR4510-2	chr15	35757565	35758122	+	0	NA	intron (NR_038251, intron 2 of 2)	intron (NR_038251, intron 2 of 2)	-169013	NR_039735	100616293		NR_039735	ENSG00000265098	MIR4510	mir-4510	microRNA 4510	ncRNA
CD226	chr18	69980906	69981462	+	0	NA	Intergenic	Intergenic	-24385	NM_001303619	10666		NM_006566	ENSG00000150637	CD226	DNAM-1|DNAM1|PTA1|TLiSA1	CD226 molecule	protein-coding
LINC00992	chr5	117135618	117136901	+	0	NA	Intergenic	Intergenic	-279253	NR_046089	728342		NR_046089		LINC00992	ERINA	long intergenic non-protein coding RNA 992	ncRNA
LINC01661	chr1	106746547	106747084	+	0	NA	Intergenic	Intergenic	-71424	NR_147165	105378889		NR_147165		LINC01661	-	long intergenic non-protein coding RNA 1661	ncRNA
FGF12-AS1	chr3	191997289	191999018	+	0	NA	Intergenic	Intergenic	-240477	NR_046596	100873986		NR_046596	ENSG00000231383	FGF12-AS1	-	FGF12 antisense RNA 1	ncRNA
GALNT15	chr3	16148865	16149238	+	0	NA	Intergenic	Intergenic	-25629	NM_054110	117248		NM_054110	ENSG00000131386	GALNT15	GALNACT15|GALNT13|GALNT7|GALNTL2|PIH5|pp-GalNAc-T15	polypeptide N-acetylgalactosaminyltransferase 15	protein-coding
ADAMTS5	chr21	27047278	27048252	+	0	NA	Intergenic	Intergenic	-80677	NM_007038	11096		NM_007038	ENSG00000154736	ADAMTS5	ADAM-TS 11|ADAM-TS 5|ADAM-TS5|ADAMTS-11|ADAMTS-5|ADAMTS11|ADMP-2	ADAM metallopeptidase with thrombospondin type 1 motif 5	protein-coding
OR2AG1	chr11	6782215	6782790	+	0	NA	Intergenic	Intergenic	-2515	NM_001004489	144125		NM_001004489	ENSG00000279486	OR2AG1	OR11-79|OR2AG3	olfactory receptor family 2 subfamily AG member 1	protein-coding
PHF14	chr7	11228571	11228808	+	0	NA	Intergenic	Intergenic	254817	NR_033436	9678		NM_014660	ENSG00000106443	PHF14	-	PHD finger protein 14	protein-coding
LINC02817	chr1	221527192	221527743	+	0	NA	Intergenic	L2c|LINE|L2	-191171	NR_024236	400804		NR_024236	ENSG00000234754	LINC02817	C1orf140	long intergenic non-protein coding RNA 2817	ncRNA
LINC02903	chr7	109076292	109076968	+	0	NA	Intergenic	Intergenic	-192043	NM_001024607	154907		NM_001024607	ENSG00000205174	LINC02903	C7orf66	long intergenic non-protein coding RNA 2903	ncRNA
LINC01085	chr4	14052929	14054018	+	0	NA	Intergenic	Intergenic	-58495	NR_033931	152742		NR_033931	ENSG00000293010	LINC01085	-	long intergenic non-protein coding RNA 1085	ncRNA
GAREM1	chr18	32425511	32426081	+	0	NA	intron (NM_022751, intron 1 of 5)	Plat_L3|LINE|CR1	45086	NM_001242409	64762		NM_022751	ENSG00000141441	GAREM1	C18orf11|FAM59A|GAREM|Gm944	GRB2 associated regulator of MAPK1 subtype 1	protein-coding
DIO2-AS1	chr14	79820320	79821573	+	0	NA	intron (NM_138970, intron 5 of 5)	intron (NM_138970, intron 5 of 5)	-390473	NR_038355	100628307		NR_038355	ENSG00000258766	DIO2-AS1	-	DIO2 antisense RNA 1	ncRNA
DAW1	chr2	227978117	227979521	+	0	NA	Intergenic	Intergenic	107188	NM_178821	164781		NM_178821	ENSG00000123977	DAW1	CILD52|DNAAF18|ODA16|WDR69	dynein assembly factor with WD repeats 1	protein-coding
LINC00278	chrY	3200851	3201138	+	0	NA	Intergenic	MER1B|DNA|hAT-Charlie	197998	NR_046502	100873962		NR_046502	ENSG00000231535	LINC00278	NCRNA00278|YY1BM	long intergenic non-protein coding RNA 278	ncRNA
LINC02261-2	chr4	27270220	27270973	+	0	NA	intron (NR_125921, intron 3 of 5)	MLT1I|LTR|ERVL-MaLR	53117	NR_125921	101929199		NR_125921	ENSG00000249699	LINC02261	-	long intergenic non-protein coding RNA 2261	ncRNA
LINC01968	chr3	194722691	194723189	+	0	NA	intron (NR_037891, intron 1 of 3)	intron (NR_037891, intron 1 of 3)	14519	NR_037891	100507391		NR_037891	ENSG00000237222	LINC01968	-	long intergenic non-protein coding RNA 1968	ncRNA
PXDNL	chr8	51510063	51511049	+	0	NA	intron (NM_144651, intron 4 of 22)	intron (NM_144651, intron 4 of 22)	298889	NM_144651	137902		NM_144651	ENSG00000147485	PXDNL	PMR1|PRM1|VPO2	peroxidasin like	protein-coding
EFNA5	chr5	107744691	107745160	+	0	NA	Intergenic	Intergenic	-73988	NM_001962	1946		NM_001962	ENSG00000184349	EFNA5	AF1|EFL5|EPLG7|GLC1M|LERK7|RAGS	ephrin A5	protein-coding
LINC00504	chr4	14875682	14876481	+	0	NA	intron (NR_126435, intron 1 of 6)	L1PA12|LINE|L1	12088	NR_126435	201853		NR_126435	ENSG00000248360	LINC00504	-	long intergenic non-protein coding RNA 504	ncRNA
PPP1R17	chr7	31710017	31710792	+	0	NA	Intergenic	Intergenic	23189	NM_006658	10842		NM_006658	ENSG00000106341	PPP1R17	C7orf16|GSBS	protein phosphatase 1 regulatory subunit 17	protein-coding
FHIP1A	chr4	151553707	151554558	+	0	NA	intron (NM_001109977, intron 3 of 13)	MIRb|SINE|MIR	144956	NM_001348694	729830		NM_001109977	ENSG00000164142	FHIP1A	FAM160A1|FHIP-L	FHF complex subunit HOOK interacting protein 1A	protein-coding
KLF12	chr13	73894986	73895647	+	0	NA	intron (NM_007249, intron 3 of 7)	intron (NM_007249, intron 3 of 7)	238613	NM_007249	11278		NM_007249	ENSG00000118922	KLF12	AP-2rep|AP2REP|HSPC122	KLF transcription factor 12	protein-coding
LINC02115	chr5	103445526	103445885	+	0	NA	Intergenic	Intergenic	96280	NR_104670	102467212		NR_104670	ENSG00000248757	LINC02115	-	long intergenic non-protein coding RNA 2115	ncRNA
PTPRD	chr9	8560571	8561248	+	0	NA	intron (NM_130391, intron 4 of 31)	intron (NM_130391, intron 4 of 31)	173037	NM_130392	5789		NM_002839	ENSG00000153707	PTPRD	HPTP|HPTPD|HPTPDELTA|PTPD|R-PTP-delta|RPTPDELTA	protein tyrosine phosphatase receptor type D	protein-coding
LOC100271832	chr2	32882733	32883807	+	0	NA	intron (NR_027099, intron 7 of 10)	intron (NR_027099, intron 7 of 10)	-43857	NR_027097	100271832		NR_027097	ENSG00000236854	LOC100271832	-	uncharacterized LOC100271832	ncRNA
LINC00583	chr9	13750117	13750656	+	0	NA	Intergenic	Intergenic	-177585	NR_038194	100113404		NR_038194	ENSG00000205636	LINC00583	C9orf146	long intergenic non-protein coding RNA 583	ncRNA
HERC2P9	chr15	20408607	20410610	+	0	NA	intron (NR_036432, intron 25 of 25)	intron (NR_036432, intron 25 of 25)	30879	NR_036443	440248		NM_199045	ENSG00000291082	HERC2P9	-	HERC2 pseudogene 9	pseudo
NRSN1	chr6	23436350	23436733	+	0	NA	Intergenic	Intergenic	-689674	NM_080723	140767		NM_080723	ENSG00000152954	NRSN1	VMP|p24	neurensin 1	protein-coding
LINC01148-2	chr14	87260342	87261150	+	0	NA	Intergenic	Intergenic	354968	NR_038445	283585		NR_038445	ENSG00000258804	LINC01148	-	long intergenic non-protein coding RNA 1148	ncRNA
MIR5739	chr22	28341062	28341469	+	0	NA	intron (NM_001145418, intron 2 of 22)	intron (NM_001145418, intron 2 of 22)	-118604	NR_106713	102466081		NR_106713	ENSG00000276162	MIR5739	hsa-mir-5739	microRNA 5739	ncRNA
GUSBP19	chr5	100090545	100090735	+	0	NA	Intergenic	THE1B|LTR|ERVL-MaLR	297614	NR_027503	100133050		NR_027503		GUSBP19	-	GUSB pseudogene 19	pseudo
LINC01247	chr2	6383061	6383375	+	0	NA	Intergenic	Intergenic	-7796	NR_110251	101929390		NR_110251	ENSG00000227007	LINC01247	-	long intergenic non-protein coding RNA 1247	ncRNA
PWWP2A	chr5	160067416	160067881	+	0	NA	Intergenic	Intergenic	51802	NR_146216	114825		NM_052927	ENSG00000170234	PWWP2A	MST101	PWWP domain containing 2A	protein-coding
SLC7A14-AS1	chr3	170517373	170517762	+	0	NA	intron (NM_020949, intron 2 of 7)	intron (NM_020949, intron 2 of 7)	50282	NR_135555	101928583		NR_135555	ENSG00000285051	SLC7A14-AS1	-	SLC7A14 antisense RNA 1	ncRNA
NGF-AS1	chr1	115288470	115289124	+	0	NA	intron (NM_002506, intron 2 of 2)	L2a|LINE|L2	5763	NR_157569	112840934		NR_157569	ENSG00000228035	NGF-AS1	-	NGF antisense RNA 1	ncRNA
SLC7A14	chr3	170697616	170698442	+	0	NA	intron (NR_135556, intron 2 of 5)	intron (NR_135556, intron 2 of 5)	-111954	NM_020949	57709		NM_020949	ENSG00000013293	SLC7A14	PPP1R142	solute carrier family 7 member 14	protein-coding
LOC730338	chr7	46534597	46535466	+	0	NA	Intergenic	L2b|LINE|L2	162091	NR_134575	730338		NR_134575	ENSG00000233539	LOC730338	-	uncharacterized LOC730338	ncRNA
SLIT2-IT1	chr4	20337281	20337739	+	0	NA	intron (NM_001289136, intron 4 of 35)	THE1B|LTR|ERVL-MaLR	-54679	NR_037876	100505893		NR_037876	ENSG00000248228	SLIT2-IT1	-	SLIT2 intronic transcript 1	ncRNA
LINC00607	chr2	215895212	215895506	+	0	NA	Intergenic	Intergenic	-51823	NR_037195	646324		NR_037195	ENSG00000235770	LINC00607	-	long intergenic non-protein coding RNA 607	ncRNA
DSCAM-AS1	chr21	40335865	40336169	+	0	NA	intron (NM_001271534, intron 8 of 32)	Charlie1a|DNA|hAT-Charlie	-47066	NR_038898	100506492		NR_038896	ENSG00000235123	DSCAM-AS1	M41	DSCAM antisense RNA 1	ncRNA
MIR9-2HG	chr5	88707188	88707686	+	0	NA	intron (NR_146284, intron 2 of 3)	HERVL40-int|LTR|ERVL	-16396	NR_152232	645323		NR_015436	ENSG00000245526	MIR9-2HG	ECONEXIN|EyeLinc1|LINC00461|NDIME|VISC	MIR9-2 host gene	ncRNA
LINC00692	chr3	25870556	25870962	+	0	NA	intron (NR_034055, intron 3 of 7)	L1MEd|LINE|L1	2936	NR_034055	285326		NR_034055	ENSG00000230891	LINC00692	-	long intergenic non-protein coding RNA 692	ncRNA
AOAH	chr7	36700689	36700937	+	0	NA	intron (NM_001177506, intron 1 of 21)	L1PB4|LINE|L1	23681	NM_001637	313		NM_001637	ENSG00000136250	AOAH	-	acyloxyacyl hydrolase	protein-coding
BACH2	chr6	90107514	90108110	+	0	NA	intron (NM_021813, intron 4 of 8)	intron (NM_021813, intron 4 of 8)	189031	NM_021813	60468		NM_021813	ENSG00000112182	BACH2	BTBD25|IMD60	BTB domain and CNC homolog 2	protein-coding
EPYC	chr12	91009389	91009789	+	0	NA	Intergenic	L2a|LINE|L2	-4617	NM_004950	1833		NM_004950	ENSG00000083782	EPYC	DSPG3|PGLB|Pg-Lb|SLRR3B	epiphycan	protein-coding
LINC01170-2	chr5	124463899	124464084	+	0	NA	Intergenic	Intergenic	-25471	NR_125774	103724389		NR_125774		LINC01170	-	long intergenic non-protein coding RNA 1170	ncRNA
MIR551B	chr3	168614935	168615919	+	0	NA	intron (NR_021485, intron 4 of 15)	intron (NR_021485, intron 4 of 15)	63573	NR_030294	693136		NR_030294	ENSG00000207717	MIR551B	MIRN551B|mir-551b	microRNA 551b	ncRNA
SPHKAP	chr2	228268482	228269128	+	0	NA	Intergenic	MIRb|SINE|MIR	-87118	NM_001142644	80309		NM_030623	ENSG00000153820	SPHKAP	SKIP	SPHK1 interactor, AKAP domain containing	protein-coding
EDDM13	chr19	56272306	56273141	+	0	NA	promoter-TSS (NM_001354658)	promoter-TSS (NM_001354658)	-25	NM_001354658	100506374		NM_001354658	ENSG00000267710	EDDM13	-	epididymal protein 13	protein-coding
LINC00624	chr1	147502483	147502995	+	0	NA	intron (NR_038423, intron 3 of 3)	intron (NR_038423, intron 3 of 3)	15136	NR_038423	100289211		NR_038423	ENSG00000278811	LINC00624	-	long intergenic non-protein coding RNA 624	ncRNA
MIR6870	chr20	10619465	10619981	+	0	NA	intron (NM_001009608, intron 6 of 7)	intron (NM_001009608, intron 6 of 7)	29972	NR_106930	102465525		NR_106930	ENSG00000273745	MIR6870	hsa-mir-6870	microRNA 6870	ncRNA
LINC02582	chr18	73431585	73431857	+	0	NA	Intergenic	L2c|LINE|L2	106780	NR_038340	100505817		NR_038340	ENSG00000261780	LINC02582	-	long intergenic non-protein coding RNA 2582	ncRNA
AKAP9	chr7	91952027	91952263	+	0	NA	intron (NM_147185, intron 1 of 49)	intron (NM_147185, intron 1 of 49)	11283	NM_005751	10142		NM_005751	ENSG00000127914	AKAP9	AKAP-9|AKAP350|AKAP450|CG-NAP|HYPERION|LQT11|MU-RMS-40.16A|PPP1R45|PRKA9|YOTIAO	A-kinase anchoring protein 9	protein-coding
CTSO	chr4	156018279	156018819	+	0	NA	Intergenic	Intergenic	-64683	NM_001334	1519		NM_001334	ENSG00000256043	CTSO	CTSO1	cathepsin O	protein-coding
ARL14	chr3	160675696	160676011	+	0	NA	Intergenic	HAL1ME|LINE|L1	-1307	NM_025047	80117		NM_025047	ENSG00000179674	ARL14	ARF7	ADP ribosylation factor like GTPase 14	protein-coding
STPG2-AS1	chr4	96916765	96917042	+	0	NA	Intergenic	MER1A|DNA|hAT-Charlie	-450023	NR_102713	101410545		NR_102713	ENSG00000251620	STPG2-AS1	-	STPG2 antisense RNA 1	ncRNA
LINC02516	chr4	124591548	124592838	+	0	NA	Intergenic	Intergenic	-33759	NR_110838	101927087		NR_110838	ENSG00000261083	LINC02516	-	long intergenic non-protein coding RNA 2516	ncRNA
EPHA3	chr3	91466640	91466882	+	0	NA	Intergenic	Intergenic	2359140	NM_182644	2042		NM_005233	ENSG00000044524	EPHA3	EK4|ETK|ETK1|HEK|HEK4|TYRO4	EPH receptor A3	protein-coding
NNT-AS1	chr5	43772629	43773695	+	0	NA	Intergenic	Intergenic	-169932	NR_073113	100652772		NR_073113		NNT-AS1	-	NNT antisense RNA 1	ncRNA
PCAT1	chr8	126975034	126975424	+	0	NA	Intergenic	Intergenic	-37925	NR_045262	100750225		NR_045262	ENSG00000253438	PCAT1	PCA1|PCAT-1|PiHL	prostate cancer associated transcript 1	ncRNA
THSD7A-2	chr7	11811528	11812119	+	0	NA	intron (NM_015204, intron 1 of 26)	intron (NM_015204, intron 1 of 26)	20375	NM_015204	221981		NM_015204	ENSG00000005108	THSD7A	-	thrombospondin type 1 domain containing 7A	protein-coding
AGA-2	chr4	177531509	177531796	+	0	NA	Intergenic	Intergenic	-89149	NM_001171988	175		NM_000027	ENSG00000038002	AGA	AGU|ASRG|GA	aspartylglucosaminidase	protein-coding
ARX	chrX	25243340	25243776	+	0	NA	Intergenic	Intergenic	-227593	NM_139058	170302		NM_139058	ENSG00000004848	ARX	CT121|EIEE1|ISSX|MRX29|MRX32|MRX33|MRX36|MRX38|MRX43|MRX54|MRX76|MRX87|MRXS1|PRTS	aristaless related homeobox	protein-coding
GHITM	chr10	83957272	83957906	+	0	NA	Intergenic	Intergenic	-181920	NM_014394	27069		NM_014394	ENSG00000165678	GHITM	DERP2|HSPC282|MICS1|My021|PTD010|TMBIM5	growth hormone inducible transmembrane protein	protein-coding
MIR4268	chr2	220417088	220418328	+	0	NA	Intergenic	Intergenic	-511143	NR_036228	100422959		NR_036228	ENSG00000266518	MIR4268	-	microRNA 4268	ncRNA
FAT4-2	chr4	125028623	125029326	+	0	NA	Intergenic	LTR53-int|LTR|ERVL	-285981	NM_001291285	79633		NM_024582	ENSG00000196159	FAT4	CDHF14|CDHR11|FAT-J|FATJ|HKLLS2|NBLA00548|VMLDS2	FAT atypical cadherin 4	protein-coding
CNTN1	chr12	40585930	40587111	+	0	NA	Intergenic	Intergenic	-105919	NM_001843	1272		NM_001843	ENSG00000018236	CNTN1	CMYP12|F3|GP135|MYPCN	contactin 1	protein-coding
MIR4305	chr13	39768001	39768439	+	0	NA	intron (NM_001145079, intron 18 of 18)	intron (NM_001145079, intron 18 of 18)	-104085	NR_036190	100422940		NR_036190	ENSG00000264171	MIR4305	-	microRNA 4305	ncRNA
SLC7A8	chr14	23143857	23144190	+	0	NA	intron (NM_012244, intron 3 of 10)	L1ME1|LINE|L1	10370	NM_182728	23428		NM_012244	ENSG00000092068	SLC7A8	LAT2|LPI-PC1	solute carrier family 7 member 8	protein-coding
LINC02607	chr1	95642811	95643638	+	0	NA	Intergenic	Intergenic	133108	NR_110621	100996635		NR_110621	ENSG00000228971	LINC02607	-	long intergenic non-protein coding RNA 2607	ncRNA
SLC39A10	chr2	195590764	195591016	+	0	NA	Intergenic	Intergenic	-66068	NM_001127257	57181		NM_020342	ENSG00000196950	SLC39A10	LZT-Hs2|ZIP10	solute carrier family 39 member 10	protein-coding
PTPRK	chr6	128431156	128432069	+	0	NA	intron (NM_001291981, intron 1 of 32).2	intron (NM_001291981, intron 1 of 32).2	88987	NM_001291983	5796		NM_002844	ENSG00000152894	PTPRK	R-PTP-kappa	protein tyrosine phosphatase receptor type K	protein-coding
DEFB115	chr20	30857266	30857668	+	0	NA	Intergenic	L1M3|LINE|L1	-400197	NM_001037730	245929		NM_001037730	ENSG00000215547	DEFB115	DEFB-15	defensin beta 115	protein-coding
MIR4785	chr2	160373568	160374414	+	0	NA	intron (NM_016836, intron 1 of 13)	intron (NM_016836, intron 1 of 13)	33891	NR_039946	100616364		NR_039946	ENSG00000283734	MIR4785	mir-4785	microRNA 4785	ncRNA
RYR2	chr1	237036209	237036802	+	0	NA	Intergenic	Intergenic	-5679	NM_001035	6262		NM_001035	ENSG00000198626	RYR2	ARVC2|ARVD2|RYR-2|RyR|VACRDS|VTSIP	ryanodine receptor 2	protein-coding
LHCGR	chr2	48692077	48692899	+	0	NA	intron (NM_000233, intron 10 of 10)	intron (NM_000233, intron 10 of 10)	63236	NM_000233	3973		NM_000233	ENSG00000138039	LHCGR	HHG|LCGR|LGR2|LH/CG-R|LH/CGR|LHR|LHRHR|LSH-R|ULG5	luteinizing hormone/choriogonadotropin receptor	protein-coding
DIAPH3-AS1	chr13	59133824	59134479	+	0	NA	Intergenic	Intergenic	-878567	NR_046539	100874195		NR_046539	ENSG00000227528	DIAPH3-AS1	-	DIAPH3 antisense RNA 1	ncRNA
AFG2A	chr4	123017690	123017931	+	0	NA	intron (NM_001317799, intron 10 of 10)	intron (NM_001317799, intron 10 of 10)	94732	NM_001345856	166378		NM_145207	ENSG00000145375	AFG2A	AFG2|EHLMRS|NEDHSB|SPAF|SPATA5	AFG2 AAA ATPase homolog A	protein-coding
LRRC70-2	chr5	63233332	63234197	+	0	NA	Intergenic	Intergenic	654945	NM_181506	100130733		NM_181506	ENSG00000186105	LRRC70	SLRN	leucine rich repeat containing 70	protein-coding
LOC100996664	chr14	68244376	68245298	+	0	NA	intron (NM_133509, intron 7 of 10)	intron (NM_133509, intron 7 of 10)	383950	NR_135816	100996664		NR_135816		LOC100996664	-	uncharacterized LOC100996664	ncRNA
EPS8	chr12	15823342	15824041	+	0	NA	Intergenic	Intergenic	-34303	NM_004447	2059		NM_004447	ENSG00000151491	EPS8	DFNB102	EGFR pathway substrate 8, signaling adaptor	protein-coding
MIR548AS	chr13	92510511	92510728	+	0	NA	intron (NM_004466, intron 7 of 7)	intron (NM_004466, intron 7 of 7)	20456	NR_049840	100847092		NR_049840	ENSG00000263741	MIR548AS	-	microRNA 548as	ncRNA
MIR4451	chr4	85681143	85682237	+	0	NA	intron (NM_001025616, intron 2 of 9)	intron (NM_001025616, intron 2 of 9)	-40778	NR_039656	100616349		NR_039656	ENSG00000266421	MIR4451	mir-4451	microRNA 4451	ncRNA
LINC02005	chr3	74000304	74000894	+	0	NA	Intergenic	Intergenic	191355	NR_146637	105377165		NR_146637		LINC02005	-	long intergenic non-protein coding RNA 2005	ncRNA
LOC101927141	chr8	82418101	82418531	+	0	NA	Intergenic	Intergenic	-493788	NR_134295	101927141		NR_134295	ENSG00000254394	LOC101927141	-	uncharacterized LOC101927141	ncRNA
LINC01748	chr1	60587505	60587745	+	0	NA	intron (NR_146508, intron 4 of 7)	MIRb|SINE|MIR	35060	NR_146508	105378763		NR_146508	ENSG00000226476	LINC01748	-	long intergenic non-protein coding RNA 1748	ncRNA
FIGN	chr2	163401287	163401763	+	0	NA	Intergenic	Intergenic	334483	NM_001321825	55137		NM_018086	ENSG00000182263	FIGN	-	fidgetin, microtubule severing factor	protein-coding
DAOA	chr13	104597642	104598194	+	0	NA	Intergenic	Intergenic	-867949	NM_001161814	267012		NM_172370	ENSG00000182346	DAOA	LG72|SG72	D-amino acid oxidase activator	protein-coding
LINC02240	chr5	125470412	125470904	+	0	NA	Intergenic	Intergenic	-22603	NR_109887	101927460		NR_109887	ENSG00000260192	LINC02240	-	long intergenic non-protein coding RNA 2240	ncRNA
MATCAP2	chr7	36495073	36495343	+	0	NA	Intergenic	L1MA3|LINE|L1	-104851	NM_001100425	23366		NM_015314	ENSG00000164542	MATCAP2	KIAA0895|TMCP2	microtubule associated tyrosine carboxypeptidase 2	protein-coding
BRDTP1	chrX	96170733	96171128	+	0	NA	Intergenic	Intergenic	166972	NR_003539	643486		NR_003539	ENSG00000271209	BRDTP1	-	bromodomain testis associated pseudogene 1	pseudo
MACROD2-IT1	chr20	14488885	14489771	+	0	NA	intron (NM_001351661, intron 3 of 17)	intron (NM_001351661, intron 3 of 17)	-65056	NR_104193	140848		NR_104193	ENSG00000227927	MACROD2-IT1	C20orf68|NCRNA00227|bA467D7.4	MACROD2 intronic transcript 1	ncRNA
LINC02494	chr4	58367933	58368550	+	0	NA	Intergenic	Intergenic	168087	NR_133943	105377671		NR_133943	ENSG00000250340	LINC02494	-	long intergenic non-protein coding RNA 2494	ncRNA
PPP2R2B-IT1	chr5	146952277	146952714	+	0	NA	intron (NM_001271900, intron 2 of 10)	intron (NM_001271900, intron 2 of 10)	-32989	NR_047115	100874361		NR_047115	ENSG00000249553	PPP2R2B-IT1	-	PPP2R2B intronic transcript 1	ncRNA
IL1RAPL2	chrX	104623363	104623819	+	0	NA	intron (NM_017416, intron 1 of 10)	MER63A|DNA|hAT-Blackjack	57392	NM_017416	26280		NM_017416	ENSG00000189108	IL1RAPL2	IL-1R9|IL1R9|IL1RAPL-2|TIGIRR-1	interleukin 1 receptor accessory protein like 2	protein-coding
SERINC5	chr5	80249997	80250272	+	0	NA	intron (NM_001174072, intron 1 of 11)	intron (NM_001174072, intron 1 of 11)	5914	NR_126061	256987		NM_178276	ENSG00000164300	SERINC5	C5orf12|TPO1	serine incorporator 5	protein-coding
SEMA3C	chr7	81173649	81174431	+	0	NA	Intergenic	Intergenic	-251651	NM_001350120	10512		NM_006379	ENSG00000075223	SEMA3C	SEMAE|SemE	semaphorin 3C	protein-coding
LINC01767	chr1	56185689	56185883	+	0	NA	Intergenic	Intergenic	-229177	NR_147163	105378744		NR_147163	ENSG00000223956	LINC01767	CRLM1	long intergenic non-protein coding RNA 1767	ncRNA
FGF10-AS1	chr5	44293962	44294930	+	0	NA	Intergenic	LTR86A2|LTR|ERVL	-94286	NR_108034	101927075		NR_108034	ENSG00000248464	FGF10-AS1	-	FGF10 antisense RNA 1	ncRNA
ADAMTS3	chr4	72314988	72315238	+	0	NA	intron (NM_014243, intron 11 of 21)	intron (NM_014243, intron 11 of 21)	254108	NM_014243	9508		NM_014243	ENSG00000156140	ADAMTS3	ADAMTS-4|HKLLS3	ADAM metallopeptidase with thrombospondin type 1 motif 3	protein-coding
LINC02225	chr5	57816192	57816511	+	0	NA	Intergenic	Intergenic	82811	NR_109900	101928539		NR_109900	ENSG00000249584	LINC02225	-	long intergenic non-protein coding RNA 2225	ncRNA
LOC105377967	chr6	118228508	118229387	+	0	NA	intron (NM_001029858, intron 2 of 7)	intron (NM_001029858, intron 2 of 7)	143044	NR_134601	105377967		NR_134601		LOC105377967	-	uncharacterized LOC105377967	ncRNA
LOC102724904	chr9	43082299	43082701	+	0	NA	Intergenic	Intergenic	-43666	NR_160669	102724904		NR_160669	ENSG00000291167	LOC102724904	-	methylenetetrahydrofolate dehydrogenase (NADP+ dependent) 1 like pseudogene	pseudo
DIAPH3-AS1-2	chr13	59398293	59398922	+	0	NA	Intergenic	Intergenic	-614111	NR_046539	100874195		NR_046539	ENSG00000227528	DIAPH3-AS1	-	DIAPH3 antisense RNA 1	ncRNA
LINC00561	chr13	76049076	76049590	+	0	NA	Intergenic	Intergenic	-114201	NR_047491	100861545		NR_047491	ENSG00000261206	LINC00561	-	long intergenic non-protein coding RNA 561	ncRNA
PARAIL	chr8	89546398	89546803	+	0	NA	Intergenic	Intergenic	211111	NR_125822	101929709		NR_125822	ENSG00000251136	PARAIL	RIPK2-DT	palmitic acid regulated anti-inflammatory lncRNA	ncRNA
DNAJC12	chr10	67790809	67791589	+	0	NA	Intergenic	Intergenic	46980	NM_201262	56521		NM_021800	ENSG00000108176	DNAJC12	HPANBH4|JDP1	DnaJ heat shock protein family (Hsp40) member C12	protein-coding
LINC02172	chr4	137680631	137681242	+	0	NA	Intergenic	Intergenic	135205	NR_146553	105377443		NR_146553	ENSG00000251632	LINC02172	-	long intergenic non-protein coding RNA 2172	ncRNA
CXCL13	chr4	77581973	77582637	+	0	NA	intron (NM_006419, intron 1 of 4)	L2b|LINE|L2	-23515	NM_001371558	10563		NM_006419	ENSG00000156234	CXCL13	ANGIE|ANGIE2|BCA-1|BCA1|BLC|BLR1L|SCYB13	C-X-C motif chemokine ligand 13	protein-coding
FGFR2	chr10	121367873	121369127	+	0	NA	Intergenic	Intergenic	162814	NM_001320654	2263		NM_000141	ENSG00000066468	FGFR2	BBDS|BEK|BFR-1|CD332|CEK3|CFD1|ECT1|JWS|K-SAM|KGFR|TK14|TK25	fibroblast growth factor receptor 2	protein-coding
GLIS3-AS1	chr9	3954344	3955266	+	0	NA	intron (NM_001042413, intron 4 of 10)	intron (NM_001042413, intron 4 of 10)	56159	NR_026663	84850		NM_032764	ENSG00000237009	GLIS3-AS1	C9orf70	GLIS3 antisense RNA 1	ncRNA
PCAT4	chr4	79852168	79852864	+	0	NA	intron (NR_026555, intron 1 of 1)	intron (NR_026555, intron 1 of 1)	25045	NR_026555	118425		NM_058168	ENSG00000251321	PCAT4	GDEP|PCA4|PCAN1	prostate cancer associated transcript 4	ncRNA
MFFP3	chrX	45684088	45684351	+	0	NA	Intergenic	Intergenic	-46869	NR_102268	392452		NR_102268		MFFP3	-	MFF pseudogene 3	pseudo
LINC01846	chr5	98070040	98070471	+	0	NA	Intergenic	Intergenic	90984	NR_146477	105379098		NR_146477	ENSG00000248901	LINC01846	-	long intergenic non-protein coding RNA 1846	ncRNA
WDFY3-AS2	chr4	85124582	85125463	+	0	NA	Intergenic	L1PB1|LINE|L1	157538	NR_152782	404201		NM_205857	ENSG00000180769	WDFY3-AS2	C4orf12|FBI4|NCRNA00247	WDFY3 antisense RNA 2	ncRNA
SGCG	chr13	23230457	23231395	+	0	NA	intron (NM_001378244, intron 2 of 7)	L1PREC2|LINE|L1	49947	NM_000231	6445		NM_000231	ENSG00000102683	SGCG	35DAG|A4|DAGA4|DMDA|DMDA1|LGMD2C|LGMDR5|MAM|SCARMD2|SCG3|gamma-SG	sarcoglycan gamma	protein-coding
COX7B2	chr4	46705608	46706023	+	0	NA	Intergenic	Intergenic	203430	NM_130902	170712		NM_130902	ENSG00000170516	COX7B2	-	cytochrome c oxidase subunit 7B2	protein-coding
XPO4	chr13	20843055	20843487	+	0	NA	intron (NM_001372061, intron 5 of 19)	intron (NM_001372061, intron 5 of 19)	59503	NM_022459	64328		NM_022459	ENSG00000132953	XPO4	exp4	exportin 4	protein-coding
CALN1	chr7	72544472	72544799	+	0	NA	Intergenic	MER58B|DNA|hAT-Charlie	-97492	NM_001363460	83698		NM_031468	ENSG00000183166	CALN1	CABP8	calneuron 1	protein-coding
FGF20	chr8	16771062	16771855	+	0	NA	Intergenic	LTR43|LTR|ERV1	230887	NM_019851	26281		NM_019851	ENSG00000078579	FGF20	FGF-20|RHDA2	fibroblast growth factor 20	protein-coding
EFR3B	chr2	25085970	25086751	+	0	NA	intron (NM_001319099, intron 1 of 22)	L1MC1|LINE|L1	43897	NM_001319099	22979		NM_014971	ENSG00000084710	EFR3B	KIAA0953	EFR3 homolog B	protein-coding
NOBOX	chr7	144565754	144565948	+	0	NA	intron (NR_146934, intron 5 of 6)	intron (NR_146934, intron 5 of 6)	-155624	NM_001080413	135935		NM_001080413	ENSG00000106410	NOBOX	OG-2|OG2|OG2X|POF5|TCAG_12042	NOBOX oogenesis homeobox	protein-coding
DCDC2C	chr2	3712535	3713260	+	0	NA	intron (NM_001287444, intron 2 of 10)	intron (NM_001287444, intron 2 of 10)	6055	NM_001365580	728597		NM_001287444	ENSG00000214866	DCDC2C	-	doublecortin domain containing 2C	protein-coding
UHMK1	chr1	162470500	162470954	+	0	NA	Intergenic	L1MB3|LINE|L1	-26447	NM_001184763	127933		NM_144624	ENSG00000152332	UHMK1	KIS|KIST|P-CIP2	U2AF homology motif kinase 1	protein-coding
CD96	chr3	111429035	111429921	+	0	NA	Intergenic	MSTB-int|LTR|ERVL-MaLR	-112719	NM_001318889	10225		NM_005816	ENSG00000153283	CD96	TACTILE	CD96 molecule	protein-coding
PBX1	chr1	164222402	164224079	+	0	NA	Intergenic	L1PB2|LINE|L1	-335944	NM_002585	5087		NM_002585	ENSG00000185630	PBX1	CAKUHED	PBX homeobox 1	protein-coding
MIR577	chr4	114773263	114773696	+	0	NA	Intergenic	Intergenic	116720	NR_030303	693162		NR_030303	ENSG00000207931	MIR577	MIRN577|hsa-mir-577|mir-577	microRNA 577	ncRNA
FGF10-AS1-2	chr5	44329651	44330252	+	0	NA	intron (NM_004465, intron 1 of 2)	intron (NM_004465, intron 1 of 2)	-58781	NR_108034	101927075		NR_108034	ENSG00000248464	FGF10-AS1	-	FGF10 antisense RNA 1	ncRNA
NBEA	chr13	35136653	35137060	+	0	NA	intron (NM_001385012, intron 17 of 58)	HAL1b|LINE|L1	194586	NM_015678	26960		NM_015678	ENSG00000172915	NBEA	BCL8B|LYST2|NEDEGE	neurobeachin	protein-coding
ERCC6L2	chr9	95794037	95794429	+	0	NA	Intergenic	Intergenic	-81458	NM_001375294	375748		NM_020207	ENSG00000182150	ERCC6L2	BMFS2|C9orf102|HEBO|RAD26L|SR278	ERCC excision repair 6 like 2	protein-coding
MIR548AU	chr2	107337071	107337908	+	0	NA	intron (NR_049853, intron 1 of 3)	intron (NR_049853, intron 1 of 3)	12036	NR_049853	100847045		NR_049853	ENSG00000283146	MIR548AU	-	microRNA 548au	ncRNA
BCHE	chr3	166190292	166191672	+	0	NA	Intergenic	ERV24B_Prim-int|LTR|ERV1	-353559	NM_000055	590		NM_000055	ENSG00000114200	BCHE	BCHED|CHE1|CHE2|E1	butyrylcholinesterase	protein-coding
LINC02497	chr4	31261748	31262066	+	0	NA	Intergenic	Intergenic	90763	NR_125935	102723778		NR_125935		LINC02497	-	long intergenic non-protein coding RNA 2497	ncRNA
LINC01697	chr21	28087860	28088330	+	0	NA	intron (NR_126010, intron 1 of 4)	L1PB1|LINE|L1	-2308	NR_126011	284825		NR_126010	ENSG00000232079	LINC01697	-	long intergenic non-protein coding RNA 1697	ncRNA
LOC102724096	chr6	4168964	4169658	+	0	NA	Intergenic	Intergenic	20718	NR_125874	102724096		NR_125874		LOC102724096	-	uncharacterized LOC102724096	ncRNA
LINC02311	chr14	81946895	81947655	+	0	NA	Intergenic	Intergenic	-204137	NR_146498	102724294		NR_146498		LINC02311	-	long intergenic non-protein coding RNA 2311	ncRNA
LINC01559	chr12	13637842	13638741	+	0	NA	intron (NM_000834, intron 5 of 13)	intron (NM_000834, intron 5 of 13)	-261546	NR_036555	283422		NM_182558	ENSG00000180861	LINC01559	C12orf36	long intergenic non-protein coding RNA 1559	ncRNA
MAST4	chr5	67059322	67060062	+	0	NA	intron (NM_015183, intron 4 of 27)	intron (NM_015183, intron 4 of 27)	55037	NM_001290227	375449		NM_015183	ENSG00000069020	MAST4	-	microtubule associated serine/threonine kinase family member 4	protein-coding
LINC00682	chr4	41872327	41872656	+	0	NA	Intergenic	Intergenic	10120	NR_104143	101927074		NR_104143	ENSG00000245870	LINC00682	-	long intergenic non-protein coding RNA 682	ncRNA
LOC107986794	chr7	51501944	51502743	+	0	NA	Intergenic	Intergenic	-109087	NR_157843	107986794		NR_157843		LOC107986794	-	uncharacterized LOC107986794	ncRNA
MPEG1	chr11	59247511	59248367	+	0	NA	Intergenic	Intergenic	-35012	NM_001039396	219972		NM_001039396	ENSG00000197629	MPEG1	IMD77|MPG1|MPS1|Mpg-1|P-2	macrophage expressed 1	protein-coding
MIR548I2	chr4	9660983	9661615	+	0	NA	Intergenic	HERVK-int|LTR|ERVK	-104983	NR_031688	100302277		NR_031688	ENSG00000221275	MIR548I2	MIR548I-2|MIRN548I2|hsa-mir-548i-2|mir-548i-2	microRNA 548i-2	ncRNA
EFR3A	chr8	131711408	131712388	+	0	NA	Intergenic	Intergenic	-192195	NR_136616	23167		NM_015137	ENSG00000132294	EFR3A	-	EFR3 homolog A	protein-coding
BANK1	chr4	101711796	101712185	+	0	NA	Intergenic	Intergenic	-78617	NM_001127507	55024		NM_017935	ENSG00000153064	BANK1	BANK	B cell scaffold protein with ankyrin repeats 1	protein-coding
LINC00392	chr13	73664928	73665546	+	0	NA	Intergenic	Intergenic	100993	NR_047009	100874155		NR_047009		LINC00392	-	long intergenic non-protein coding RNA 392	ncRNA
ATG10	chr5	81881310	81882425	+	0	NA	Intergenic	Intergenic	-90156	NM_001131028	83734		NM_031482	ENSG00000152348	ATG10	APG10|APG10L|pp12616	autophagy related 10	protein-coding
NCKAP5	chr2	133690878	133691677	+	0	NA	Intergenic	Intergenic	-122814	NM_207481	344148		NM_207363	ENSG00000176771	NCKAP5	ERIH1|ERIH2|NAP5	NCK associated protein 5	protein-coding
TWIST1	chr7	18941047	18941823	+	0	NA	intron (NM_001321868, intron 23 of 25)	intron (NM_001321868, intron 23 of 25)	176201	NM_000474	7291		NM_000474	ENSG00000122691	TWIST1	ACS3|BPES2|BPES3|CRS|CRS1|CSO|SCS|SWCOS|TWIST|bHLHa38	twist family bHLH transcription factor 1	protein-coding
APOOP5	chr16	59330200	59330597	+	0	NA	Intergenic	Intergenic	424793	NR_028471	644649		NR_028471		APOOP5	-	apolipoprotein O pseudogene 5	pseudo
ZNF518B	chr4	10529497	10530764	+	0	NA	intron (NM_052964, intron 12 of 18)	MIR3|SINE|MIR	-72704	NM_001375817	85460		NM_053042	ENSG00000178163	ZNF518B	-	zinc finger protein 518B	protein-coding
SHISA3	chr4	42458790	42459001	+	0	NA	intron (NM_001105529, intron 26 of 35)	intron (NM_001105529, intron 26 of 35)	61407	NM_001080505	152573		NM_001080505	ENSG00000178343	SHISA3	hShisa3	shisa family member 3	protein-coding
NUP35	chr2	183665420	183666274	+	0	NA	Intergenic	Intergenic	541404	NM_138285	129401		NM_138285	ENSG00000163002	NUP35	MP-44|MP44|NP44|NUP53	nucleoporin 35	protein-coding
SYS1-DBNDD2	chr20	45365063	45365516	+	0	NA	intron (NM_033542, intron 2 of 3)	MER58A|DNA|hAT-Charlie	2120	NR_003189	767557		NR_003189	ENSG00000254806	SYS1-DBNDD2	C20orf169-DBNDD2	SYS1-DBNDD2 readthrough (NMD candidate)	ncRNA
ZNF521	chr18	25457130	25457883	+	0	NA	Intergenic	Intergenic	-105340	NM_015461	25925		NM_015461	ENSG00000198795	ZNF521	EHZF|Evi3	zinc finger protein 521	protein-coding
FERD3L	chr7	19421723	19422479	+	0	NA	Intergenic	Intergenic	-276680	NM_152898	222894		NM_152898	ENSG00000146618	FERD3L	N-TWIST|NATO3|NTWIST|PTFB|bHLHa31	Fer3 like bHLH transcription factor	protein-coding
MIR1260B	chr11	96142536	96143614	+	0	NA	intron (NM_032427, intron 1 of 4)	intron (NM_032427, intron 1 of 4)	-198363	NR_036125	100422991		NR_036125	ENSG00000266192	MIR1260B	mir-1260b	microRNA 1260b	ncRNA
LINC01387	chr18	6566048	6566867	+	0	NA	intron (NR_120518, intron 2 of 5)	intron (NR_120518, intron 2 of 5)	55041	NR_120518	100130480		NM_001243517	ENSG00000265944	LINC01387	C18orf64	long intergenic non-protein coding RNA 1387	ncRNA
LINC02616	chr4	37058273	37059276	+	0	NA	Intergenic	MER5B|DNA|hAT-Charlie	56995	NR_134669	100508631		NR_134669	ENSG00000261761	LINC02616	-	long intergenic non-protein coding RNA 2616	ncRNA
C8orf88	chr8	90895278	90895944	+	0	NA	intron (NM_022351, intron 5 of 12)	intron (NM_022351, intron 5 of 12)	89466	NM_001363275	100127983		NM_001190972	ENSG00000253250	C8orf88	-	chromosome 8 open reading frame 88	protein-coding
ACVR2A	chr2	147223769	147224263	+	0	NA	Intergenic	Intergenic	-620501	NM_001278580	92		NM_001616	ENSG00000121989	ACVR2A	ACTRII|ACVR2	activin A receptor type 2A	protein-coding
LOC105375690	chr8	103652190	103652633	+	0	NA	intron (NM_001348491, intron 2 of 24)	intron (NM_001348491, intron 2 of 24)	-150501	NR_145698	105375690		NR_145697		LOC105375690	-	uncharacterized LOC105375690	ncRNA
PCGF5	chr10	91197038	91197640	+	0	NA	intron (NM_001257101, intron 1 of 9)	intron (NM_001257101, intron 1 of 9)	-22812	NM_001256549	84333		NM_032373	ENSG00000180628	PCGF5	RNF159	polycomb group ring finger 5	protein-coding
KCNH1-IT1	chr1	210753373	210753719	+	0	NA	intron (NM_172362, intron 10 of 10)	intron (NM_172362, intron 10 of 10)	379828	NR_046784	100874296		NR_046784		KCNH1-IT1	-	KCNH1 intronic transcript 1	ncRNA
MRPL3	chr3	131601881	131602780	+	0	NA	intron (NM_153429, intron 8 of 16)	intron (NM_153429, intron 8 of 16)	-99359	NM_007208	11222		NM_007208	ENSG00000114686	MRPL3	COXPD9|MRL3|RPML3|uL3m	mitochondrial ribosomal protein L3	protein-coding
LOC730338-2	chr7	46679076	46679800	+	0	NA	Intergenic	Intergenic	17684	NR_134575	730338		NR_134575	ENSG00000233539	LOC730338	-	uncharacterized LOC730338	ncRNA
LINC02545	chr11	13863791	13864176	+	0	NA	intron (NR_149109, intron 3 of 3)	MIRb|SINE|MIR	6633	NR_149109	105376561		NR_149109	ENSG00000254930	LINC02545	-	long intergenic non-protein coding RNA 2545	ncRNA
DAAM1	chr14	59287042	59287752	+	0	NA	intron (NM_001270520, intron 2 of 24)	L1PA16|LINE|L1	23956	NM_014992	23002		NM_014992	ENSG00000100592	DAAM1	-	dishevelled associated activator of morphogenesis 1	protein-coding
LRRC3B	chr3	26254818	26255451	+	0	NA	Intergenic	L1MA9|LINE|L1	-367672	NM_052953	116135		NM_052953	ENSG00000179796	LRRC3B	LRP15	leucine rich repeat containing 3B	protein-coding
EPHA4	chr2	221059076	221060722	+	0	NA	Intergenic	L1PB4|LINE|L1	512405	NM_001304537	2043		NM_004438	ENSG00000116106	EPHA4	EK8|HEK8|SEK|TYRO1	EPH receptor A4	protein-coding
MIR2054	chr4	126427630	126428311	+	0	NA	Intergenic	Intergenic	920711	NR_031746	100302267		NR_031746	ENSG00000283550	MIR2054	hsa-mir-2054	microRNA 2054	ncRNA
CPXM2	chr10	123958331	123958913	+	0	NA	Intergenic	Intergenic	-66815	NM_198148	119587		NM_198148	ENSG00000121898	CPXM2	CPX2|UNQ676	carboxypeptidase X, M14 family member 2	protein-coding
MIR548AA2	chr17	67445480	67446218	+	0	NA	intron (NM_181671, intron 1 of 9)	intron (NM_181671, intron 1 of 9)	-25640	NR_037517	100500895		NR_037517	ENSG00000207688	MIR548AA2	-	microRNA 548aa-2	ncRNA
LINC01162	chr7	20964143	20964754	+	0	NA	intron (NR_126381, intron 2 of 5)	intron (NR_126381, intron 2 of 5)	129017	NR_126381	104355138		NR_126381	ENSG00000232790	LINC01162	-	long intergenic non-protein coding RNA 1162	ncRNA
LINC01148	chr14	86766439	86766835	+	0	NA	Intergenic	MLT1H|LTR|ERVL-MaLR	-139141	NR_038445	283585		NR_038445	ENSG00000258804	LINC01148	-	long intergenic non-protein coding RNA 1148	ncRNA
THSD7A	chr7	11716243	11716688	+	0	NA	intron (NM_015204, intron 1 of 26)	intron (NM_015204, intron 1 of 26)	115733	NM_015204	221981		NM_015204	ENSG00000005108	THSD7A	-	thrombospondin type 1 domain containing 7A	protein-coding
UCHL1	chr4	41299303	41300357	+	0	NA	Intergenic	L1PA17|LINE|L1	42902	NM_004181	7345		NM_004181	ENSG00000154277	UCHL1	HEL-117|HEL-S-53|NDGOA|PARK5|PGP 9.5|PGP9.5|PGP95|SPG79|SPG79A|UCHL-1|Uch-L1	ubiquitin C-terminal hydrolase L1	protein-coding
TGFBR2	chr3	30565127	30565668	+	0	NA	Intergenic	Intergenic	-41105	NM_001024847	7048		NM_003242	ENSG00000163513	TGFBR2	AAT3|FAA3|LDS1B|LDS2|LDS2B|MFS2|RIIC|TAAD2|TBR-ii|TBRII|TGFR-2|TGFbeta-RII|tbetaR-II	transforming growth factor beta receptor 2	protein-coding
NAALADL2	chr3	174462984	174463414	+	0	NA	Intergenic	Intergenic	-396135	NM_207015	254827		NM_207015	ENSG00000177694	NAALADL2	-	N-acetylated alpha-linked acidic dipeptidase like 2	protein-coding
STAU2-AS1	chr8	73489592	73490452	+	0	NA	intron (NM_001164380, intron 13 of 14)	intron (NM_001164380, intron 13 of 14)	69948	NR_038406	100128126		NR_038406	ENSG00000253302	STAU2-AS1	-	STAU2 antisense RNA 1	ncRNA
LINC01170	chr5	124380019	124380564	+	0	NA	intron (NR_125774, intron 4 of 5)	L2c|LINE|L2	58229	NR_125774	103724389		NR_125774		LINC01170	-	long intergenic non-protein coding RNA 1170	ncRNA
DEPTOR	chr8	119909124	119909441	+	0	NA	intron (NM_001283012, intron 1 of 6)	intron (NM_001283012, intron 1 of 6)	35560	NM_022783	64798		NM_022783	ENSG00000155792	DEPTOR	DEP.6|DEPDC6|hDEPTOR	DEP domain containing MTOR interacting protein	protein-coding
IGFL4	chr19	46056342	46056833	+	0	NA	intron (NR_163177, intron 2 of 5)	intron (NR_163177, intron 2 of 5)	-15571	NM_001002923	444882		NM_001002923	ENSG00000204869	IGFL4	-	IGF like family member 4	protein-coding
PLEK	chr2	68390094	68390742	+	0	NA	intron (NM_002664, intron 6 of 8)	intron (NM_002664, intron 6 of 8)	25136	NM_002664	5341		NM_002664	ENSG00000115956	PLEK	P47|PLEK1	pleckstrin	protein-coding
WWOX	chr16	78230956	78231226	+	0	NA	intron (NM_016373, intron 5 of 8)	intron (NM_016373, intron 5 of 8)	131437	NM_001291997	51741		NM_016373	ENSG00000186153	WWOX	D16S432E|DEE28|EIEE28|FOR|FRA16D|HHCMA56|PRO0128|SCAR12|SDR41C1|WOX1	WW domain containing oxidoreductase	protein-coding
LINC02511	chr4	137253987	137254250	+	0	NA	Intergenic	L1PA17|LINE|L1	-41319	NR_149105	105377441		NR_149105	ENSG00000248869	LINC02511	-	long intergenic non-protein coding RNA 2511	ncRNA
LRATD1	chr2	14932184	14933041	+	0	NA	Intergenic	MIR3|SINE|MIR	299895	NM_145175	151354		NM_145175	ENSG00000162981	LRATD1	FAM84A|NSE1|PP11517	LRAT domain containing 1	protein-coding
UTRN	chr6	144614305	144614740	+	0	NA	intron (NM_001375323, intron 1 of 24)	intron (NM_001375323, intron 1 of 24)	31374	NM_001375323	7402		NM_007124	ENSG00000152818	UTRN	DMDL|DRP|DRP1	utrophin	protein-coding
LINC01645	chr1	177469156	177470158	+	0	NA	Intergenic	Intergenic	118071	NR_126001	102724661		NR_126001	ENSG00000224968	LINC01645	-	long intergenic non-protein coding RNA 1645	ncRNA
SPAG9	chr17	51015237	51015576	+	0	NA	intron (NM_001130527, intron 7 of 29)	intron (NM_001130527, intron 7 of 29)	31472	NM_001251971	9043		NM_003971	ENSG00000008294	SPAG9	CT89|HLC-6|HLC4|HLC6|JIP-4|JIP4|JLP|PHET|PIG6	sperm associated antigen 9	protein-coding
LINC02817-2	chr1	221169308	221169758	+	0	NA	Intergenic	L2|LINE|L2	166763	NR_024236	400804		NR_024236	ENSG00000234754	LINC02817	C1orf140	long intergenic non-protein coding RNA 2817	ncRNA
SEPTIN5	chr22	19681411	19681602	+	0	NA	Intergenic	L1MDa|LINE|L1	-32997	NM_002688	5413		NM_002688	ENSG00000184702	SEPTIN5	CDCREL|CDCREL-1|CDCREL1|H5|HCDCREL-1|PNUTL1|SEPT5|Septin-5	septin 5	protein-coding
DNER	chr2	229557082	229557444	+	0	NA	intron (NM_139072, intron 4 of 12)	intron (NM_139072, intron 4 of 12)	157292	NM_139072	92737		NM_139072	ENSG00000187957	DNER	UNQ26|bet	delta/notch like EGF repeat containing	protein-coding
SGCD	chr5	156477072	156477425	+	0	NA	intron (NM_000337, intron 3 of 8)	intron (NM_000337, intron 3 of 8)	150084	NM_172244	6444		NM_000337	ENSG00000170624	SGCD	35DAG|CMD1L|DAGD|LGMDR6|SG-delta|SGCDP|SGD	sarcoglycan delta	protein-coding
SLC10A2	chr13	103187886	103188205	+	0	NA	Intergenic	Intergenic	-121628	NM_000452	6555		NM_000452	ENSG00000125255	SLC10A2	ASBT|IBAT|ISBT|NTCP2|PBAM|PBAM1	solute carrier family 10 member 2	protein-coding
CASK	chrX	42126984	42128329	+	0	NA	Intergenic	Intergenic	-204102	NM_001367721	8573		NM_003688	ENSG00000147044	CASK	CAGH39|CAMGUK|CMG|FGS4|LIN2|MICPCH|MRXSNA|TNRC8|hCASK	calcium/calmodulin dependent serine protein kinase	protein-coding
ADGRL3	chr4	61374036	61375061	+	0	NA	intron (NM_001371342, intron 1 of 20)	intron (NM_001371342, intron 1 of 20)	172376	NM_001371342	23284		NM_015236	ENSG00000150471	ADGRL3	CIRL3|CL3|LEC3|LPHN3	adhesion G protein-coupled receptor L3	protein-coding
LINC01919	chr18	53441739	53443481	+	0	NA	intron (NM_005215, intron 22 of 28)	Tigger1|DNA|TcMar-Tigger	-125837	NR_110798	102724651		NR_110798	ENSG00000263438	LINC01919	-	long intergenic non-protein coding RNA 1919	ncRNA
MIR4636	chr5	9194504	9194873	+	0	NA	intron (NM_003966, intron 10 of 22)	intron (NM_003966, intron 10 of 22)	-140793	NR_039779	100616326		NR_039779	ENSG00000266415	MIR4636	mir-4636	microRNA 4636	ncRNA
LINC02484	chr4	34576509	34576996	+	0	NA	Intergenic	Intergenic	-307005	NR_147183	105374394		NR_147183		LINC02484	-	long intergenic non-protein coding RNA 2484	ncRNA
VAV3	chr1	107453044	107454391	+	0	NA	intron (NM_001372166, intron 6 of 6)	intron (NM_001372166, intron 6 of 6)	234782	NM_001079874	10451		NM_006113	ENSG00000134215	VAV3	-	vav guanine nucleotide exchange factor 3	protein-coding
LYPLAL1-AS1	chr1	219563719	219564530	+	0	NA	Intergenic	Intergenic	-6800	NR_135822	102723886		NR_135822		LYPLAL1-AS1	-	LYPLAL1 antisense RNA 1	ncRNA
PHLPP1	chr18	62642763	62643596	+	0	NA	Intergenic	Intergenic	-72362	NM_194449	23239		NM_194449	ENSG00000081913	PHLPP1	PHLPP|PLEKHE1|PPM3A|SCOP	PH domain and leucine rich repeat protein phosphatase 1	protein-coding
SNORA89	chr14	33512111	33512402	+	0	NA	intron (NM_173159, intron 4 of 11)	intron (NM_173159, intron 4 of 11)	-196681	NR_132771	106635522		NR_132771		SNORA89	-	small nucleolar RNA, H/ACA box 89	snoRNA
KIZ-AS1	chr20	21221158	21222311	+	0	NA	intron (NM_001276389, intron 7 of 10)	intron (NM_001276389, intron 7 of 10)	-3445	NR_109956	101929591		NR_109956	ENSG00000232712	KIZ-AS1	-	KIZ antisense RNA 1	ncRNA
SS18	chr18	25736396	25736731	+	0	NA	Intergenic	Intergenic	354050	NM_001007559	6760		NM_005637	ENSG00000141380	SS18	SMARCL1|SSXT|SYT	SS18 subunit of BAF chromatin remodeling complex	protein-coding
LINC02261	chr4	27239437	27240002	+	0	NA	intron (NR_125921, intron 3 of 5)	MER58A|DNA|hAT-Charlie	22240	NR_125921	101929199		NR_125921	ENSG00000249699	LINC02261	-	long intergenic non-protein coding RNA 2261	ncRNA
LOC101928847	chr11	113008811	113009421	+	0	NA	intron (NM_001076682, intron 1 of 18)	L4_A_Mam|LINE|RTE-X	-45656	NR_120563	101928847		NR_120563	ENSG00000247416	LOC101928847	-	uncharacterized LOC101928847	ncRNA
LINC00160	chr21	34728435	34729318	+	0	NA	intron (NR_024351, intron 4 of 5)	intron (NR_024351, intron 4 of 5)	8306	NR_024351	54064		NR_024351	ENSG00000230978	LINC00160	C21orf52|NCRNA00160	long intergenic non-protein coding RNA 160	ncRNA
FAT4	chr4	125321901	125322655	+	0	NA	intron (NM_024582, intron 2 of 17)	intron (NM_024582, intron 2 of 17)	7323	NM_024582	79633		NM_024582	ENSG00000196159	FAT4	CDHF14|CDHR11|FAT-J|FATJ|HKLLS2|NBLA00548|VMLDS2	FAT atypical cadherin 4	protein-coding
LINC02380	chr4	57490648	57491693	+	0	NA	Intergenic	Intergenic	65298	NR_125907	101928851		NR_125907	ENSG00000248505	LINC02380	-	long intergenic non-protein coding RNA 2380	ncRNA
LINC02669	chr10	3442268	3442675	+	0	NA	intron (NR_155743, intron 3 of 4)	L1MC1|LINE|L1	60367	NR_155743	101927880		NR_155743	ENSG00000233321	LINC02669	-	long intergenic non-protein coding RNA 2669	ncRNA
LRRC70	chr5	63211307	63212175	+	0	NA	Intergenic	Intergenic	632922	NM_181506	100130733		NM_181506	ENSG00000186105	LRRC70	SLRN	leucine rich repeat containing 70	protein-coding
